job_name,job_statement,parent_job,job_coverage,module_file,module_status,module_note,job_notes
Manage Multiple Telco Clusters with RHACM,"When managing multiple telco clusters, I want to use RHACM for centralized lifecycle management, so I can efficiently operate clusters at scale.",,full,modules/about-ztp.adoc,full,GitOps ZTP with RHACM concept,Covered as GitOps ZTP / hub-cluster fleet management under edge_computing/ (framing differs from JTBD phrasing).
Manage Multiple Telco Clusters with RHACM,,,,modules/ztp-ztp-building-blocks.adoc,full,RHACM building blocks for fleet mgmt,
Manage Multiple Telco Clusters with RHACM,,,,edge_computing/ztp-preparing-the-hub-cluster.adoc,full,assembly: prepare hub cluster,
Manage Multiple Telco Clusters with RHACM,,,,edge_computing/ztp-deploying-far-edge-sites.adoc,full,assembly: install managed clusters via RHACM,
Orchestrate Cluster Upgrades with TALM,"When performing cluster upgrades across many sites, I want to use TALM for orchestrated updates, so I can minimize service disruption during maintenance.",,full,modules/telco-ran-topology-aware-lifecycle-manager-talm.adoc,full,TALM overview,Extensively covered in edge_computing/ and post_installation_configuration/day_2_core_cnf_clusters/updating/.
Orchestrate Cluster Upgrades with TALM,,,,modules/cnf-topology-aware-lifecycle-manager-platform-update.adoc,full,platform updates via TALM,
Orchestrate Cluster Upgrades with TALM,,,,modules/cnf-topology-aware-lifecycle-manager-precache-concept.adoc,full,image pre-caching,
Orchestrate Cluster Upgrades with TALM,,,,edge_computing/cnf-talm-for-cluster-upgrades.adoc,full,assembly: updating managed clusters with TALM,
Mount persistant storage volumes to pods and containers,"Because files in containers are ephemeral, I want to mount volumes to my pods and containers so that my data persists even if the pod or container fails.",,full,modules/nodes-containers-volumes-about.adoc,full,volume concepts,
Mount persistant storage volumes to pods and containers,,,,modules/nodes-containers-volumes-adding.adoc,full,add volume to pod,
Mount persistant storage volumes to pods and containers,,,,modules/nodes-containers-volumes-cli.adoc,full,CLI add/update,
Mount persistant storage volumes to pods and containers,,,,modules/nodes-containers-volumes-subpath.adoc,full,subpath mounts,
Mount persistant storage volumes to pods and containers,,,,modules/storage-persistent-storage-pvc.adoc,full,PVC mount,
Mount persistant storage volumes to pods and containers,,,,modules/storage-persistent-storage-pv.adoc,full,PV lifecycle,
Allocate resources for nodes,"When I am running workloads on nodes, I want to control how resources are allocated so nodes are neither underserved or have a surplus of resources they don't need.",,full,modules/nodes-nodes-resources-configuring-about.adoc,full,allocation concepts,Assembly title matches job exactly.
Allocate resources for nodes,,,,modules/nodes-nodes-resources-configuring-setting.adoc,full,set allocatable resources,
Allocate resources for nodes,,,,modules/nodes-nodes-resources-cpus-reserve.adoc,full,reserve CPUs,
Delete nodes from a cluster,"When I need to recreate a node or reduce my overall spend, I need to delete nodes from my cluster so I can take the next steps to create a new node or migrate workloads to a new node.",,full,modules/nodes-nodes-working-deleting.adoc,full,delete node,
Delete nodes from a cluster,,,,modules/nodes-nodes-working-deleting-bare-metal.adoc,full,bare-metal delete,
Manage Bare Metal Host Lifecycle,"When operating bare metal infrastructure, I want to manage host lifecycle and monitor hardware events, so I can maintain infrastructure health.",,full,modules/about-bare-metal-hosts-and-nodes.adoc,full,concept,Host add/remove/power/maintain + BareMetalHost/firmware CRs well covered.
Manage Bare Metal Host Lifecycle,,,,modules/maintaining-bare-metal-hosts.adoc,full,maintenance procedures,
Manage Bare Metal Host Lifecycle,,,,modules/bmo-about-the-baremetalhost-resource.adoc,full,BareMetalHost CR reference,
Manage Bare Metal Host Lifecycle,,,,modules/bmo-about-the-hostfirmwarecomponents-resource.adoc,full,firmware lifecycle,
Manage Bare Metal Host Lifecycle,,,,scalability_and_performance/managing-bare-metal-hosts.adoc,full,assembly: managing bare metal hosts,
Manage Hosts and Monitor Hardware Events,Manage Bare Metal Host Lifecycle > Manage Hosts and Monitor Hardware Events,Manage Bare Metal Host Lifecycle,partial,modules/maintaining-bare-metal-hosts.adoc,full,host management,Host management fully covered; NO dedicated hardware-event / Redfish HardwareEvent monitoring module exists -- hardware event monitoring is effectively a gap.
Manage Hosts and Monitor Hardware Events,,,,modules/bmo-about-the-hostfirmwarecomponents-resource.adoc,partial,"firmware status, not event monitoring",
Manage Hosts and Monitor Hardware Events,,,,(hardware event monitoring),gap,no HardwareEvent/Redfish event module found,
Network Observability Deployment and Management,"When I need to deploy or maintain network observability in my cluster, I want to install, configure, secure, and upgrade the observability system, so I can ensure continuous visibility without disrupting operations.",,full,modules/network-observability-operator-install.adoc,full,operator install,PARENT job. Full lifecycle covered across observability/network_observability/ but not organized under one umbrella assembly.
Network Observability Deployment and Management,,,,modules/network-observability-flowcollector-view.adoc,full,deploy/view FlowCollector CR,
Network Observability Deployment and Management,,,,modules/network-observability-updating-migrating.adoc,full,upgrade/migration,
Network Observability Deployment and Management,,,,modules/network-observability-operator-uninstall.adoc,full,uninstall,
Network Observability Deployment and Management,,,,modules/network-observability-grant-permissions-custom-namespace-and-secret-access.adoc,full,securing access/RBAC,
Run background tasks on a node with daemonsets,"When I need to save time by automating certain tasks across nodes, I want to create shared storage, run a logging pod on each node, or deploy a monitoring agent on each node using DaemonSets...",,full,modules/nodes-pods-daemonsets-about.adoc,full,DaemonSet concepts,
Run background tasks on a node with daemonsets,,,,modules/nodes-pods-daemonsets-creating.adoc,full,create DaemonSet,
Gap: Using catalog sources in disconnected environments,Understand how to work with catalog sources in a disconnected environment (generated from oc-mirror) and how catalogsources are used during platform upgrades.,,partial,modules/mirroring-operator-catalog.adoc,partial,mirroring an operator catalog,NOT a true doc gap: disconnected catalog sources are documented in disconnected/using-olm.adoc and extensions/catalogs/disconnected-catalogs.adoc. Genuine partial gaps: explicit oc-mirror->catalogsource linkage and upgrade-time catalog behavior as a workflow.
Gap: Using catalog sources in disconnected environments,,,,modules/olm-creating-catalog-from-index.adoc,partial,catalog source from index image,
Gap: Using catalog sources in disconnected environments,,,,modules/olmv1-about-disconnected.adoc,partial,OLM v1 disconnected support,
Gap: Using catalog sources in disconnected environments,,,,modules/olm-restricted-networks-configuring-operatorhub.adoc,partial,catalog sources in restricted networks,
Allow containers to consume API objects,"When I need containers to consume information about pods, I need to use the Downward API to allow containers to access that information without needing a volume plugin.",,full,modules/nodes-containers-downward-api-about.adoc,full,Downward API overview,~10 downward-api modules fully cover the job.
Allow containers to consume API objects,,,,modules/nodes-containers-downward-api-container-envars.adoc,full,env vars,
Allow containers to consume API objects,,,,modules/nodes-containers-downward-api-container-values-plugin.adoc,full,volume plugin values,
Allow containers to consume API objects,,,,modules/nodes-containers-downward-api-container-resources.adoc,full,resource info,
Allow containers to consume API objects,,,,modules/nodes-containers-downward-api-container-secrets.adoc,full,secrets/configmaps,
Perform lightweight tasks with init containers,"When I want to quickly run lightweight tasks, I want to use init containers before the rest of the pod is deployed so that application containers have everything ready to go right away.",,full,modules/nodes-containers-init-about.adoc,full,init container concepts,Serverless variants also exist.
Perform lightweight tasks with init containers,,,,modules/nodes-containers-init-creating.adoc,full,create init container,
Understanding how I can use software and drivers that are not available as RHCOS extensions with my nodes.,"As a cluster admin, I want to add software or drivers that are not available as extensions in the base RHCOS image by using Image mode for OpenShift to extend the functionality of the base RHCOS image.",,full,modules/coreos-layering-configuring-on-extensions.adoc,full,applying extensions via image mode,Image mode assembly + example Containerfiles cover installing RPMs/drivers/software.
Understanding how I can use software and drivers that are not available as RHCOS extensions with my nodes.,,,,modules/coreos-layering-configuring.adoc,full,out-of-cluster build to install custom RPMs,
Understanding how I can use software and drivers that are not available as RHCOS extensions with my nodes.,,,,modules/rhcos-add-extensions.adoc,partial,"supported RHCOS extensions via MC, not custom layering",
Allocate GPU resources to pods,"When I want to run AI workloads, I need to access GPU resources and allocate those resources across my pods so I can handle the computationally intensive needs of those workloads.",,full,modules/nodes-pods-allocate-dra-about.adoc,full,DRA GPU allocation concepts,DRA assembly covers pod GPU allocation; broader NVIDIA/AMD operator content spread across hardware-accelerator modules.
Allocate GPU resources to pods,,,,modules/nodes-pods-allocate-dra-configure.adoc,full,configure DRA,
Allocate GPU resources to pods,,,,modules/about-using-gpu-operator.adoc,partial,GPU operator overview,
Allocate GPU resources to pods,,,,modules/nvidia-gpu-sharing-methods.adoc,partial,GPU sharing (time-slicing/MIG/MPS),
Run tasks in pods,"When I need to perform a task in OCP, I want to use job specifications to either perform a quick task or use cron jobs to schedule recurring tasks such as creating backups.",,full,modules/nodes-nodes-jobs-about.adoc,full,jobs vs cron jobs,
Run tasks in pods,,,,modules/nodes-nodes-jobs-creating.adoc,full,create job,
Run tasks in pods,,,,modules/nodes-nodes-jobs-creating-cron.adoc,full,create cron job,
Gap: customer-created catalogs,Gap: customer-created catalogs,,partial,modules/olm-creating-fb-catalog-image.adoc,full,create file-based catalog image,NOT a true doc gap: custom catalogs covered by operators/admin/olm-managing-custom-catalogs.adoc and extensions/catalogs/ (creating/managing). Job scope itself is underspecified.
Gap: customer-created catalogs,,,,modules/olm-filtering-fbc.adoc,full,filter a file-based catalog,
Gap: customer-created catalogs,,,,modules/olm-creating-index-image.adoc,partial,SQLite index image (legacy),
Understand how OpenShift uses certificates with the Machine Config Operator,"When I'm working with cluster certificates, I can inspect the MCO-managed certificates, so that I can avoid trust or pull failures.",,full,modules/machine-config-operator-certificates-overview.adoc,full,how MCO uses certs,Overlaps with 'View and interact with MCO certificates' (concept vs hands-on).
Understand how OpenShift uses certificates with the Machine Config Operator,,,,modules/machine-config-operator-certificates-reference.adoc,full,reference of MCO-managed certs,
Scale etcd control plane nodes,"When my cluster's capacity needs change, I want to scale the number of etcd control plane nodes, so I can maintain high availability and quorum.",,full,modules/etcd-node-scaling.adoc,full,scale control plane/etcd nodes (bare metal),"Primary coverage in etcd area (etcd/etcd-performance.adoc), not machine_management. Scaling to 4/5 nodes limited to bare metal."
Scale etcd control plane nodes,,,,modules/nodes-add-new-etcd-member.adoc,partial,adding etcd members,
Scale etcd control plane nodes,,,,machine_management/control_plane_machine_management/cpmso-manually-scaling-control-planes.adoc,partial,manually scaling control plane machines,
Mount an OCI image onto a pod,"When I need to distribute large, static datasets, binaries, or specialized tools across multiple applications without rebuilding those application images, I want to mount an OCI image as a read-only volume...",,full,modules/nodes-pods-image-volume-about.adoc,full,OCI image volume concepts,
Mount an OCI image onto a pod,,,,modules/nodes-pods-image-volume-adding.adoc,full,mount OCI image read-only,
Use device plugins to access external resources with pods,"When I want to use a particular device such as a GPU with its own vendor-specific setup, I want to use device plugins so that I can utilize such devices without writing custom code.",,full,modules/nodes-pods-plugins-about.adoc,full,device plugin concepts,MicroShift has separate generic-device-plugin modules.
Use device plugins to access external resources with pods,,,,modules/nodes-pods-plugins-device-mgr.adoc,full,Device Manager,
Use device plugins to access external resources with pods,,,,modules/nodes-pods-plugins-install.adoc,full,enable device manager,
Enable features with feature gates,"When I want to test out a tech preview feature, I want to enable the feature gate so I can experiment and send feedback to Red Hat.",,full,modules/nodes-cluster-enabling-features-about.adoc,full,feature gate concepts,post-install and microshift variants duplicate for other contexts.
Enable features with feature gates,,,,modules/nodes-cluster-enabling-features-cli.adoc,full,enable via CLI,
Enable features with feature gates,,,,modules/nodes-cluster-enabling-features-console.adoc,full,enable via console,
Enable features with feature gates,,,,modules/nodes-cluster-enabling-features-install.adoc,full,enable at install,
Create remote worker nodes,"When I have an on-premise control plane and need applications running on the network edge, I want to create and configure nodes on the network edge so that edge applications run efficiently with high uptime.",,full,modules/nodes-rwn_con_adding-remote-worker-nodes.adoc,full,add remote worker nodes,openshift-enterprise only.
Create remote worker nodes,,,,modules/nodes-edge-remote-workers-strategies.adoc,full,deployment strategies,
Create remote worker nodes,,,,modules/nodes-edge-remote-workers-network.adoc,partial,networking considerations,
Create remote worker nodes,,,,modules/nodes-edge-remote-workers-latency.adoc,partial,latency handling,
Create remote worker nodes,,,,modules/nodes-edge-remote-workers-power.adoc,partial,power-loss handling,
Enable or disable the hosted control planes feature,"When I am managing my cluster lifecycle environment, I want to enable or disable the hosted control planes feature, so I can control whether my management cluster has the capability to host decoupled control planes.",,full,modules/hcp-enable-manual.adoc,full,manually enabling HCP,Dedicated assembly directly matches.
Enable or disable the hosted control planes feature,,,,modules/hcp-enable-manual-addon.adoc,full,enable hypershift-addon,
Enable or disable the hosted control planes feature,,,,modules/hcp-uninstall-operator.adoc,full,uninstall HyperShift Operator,
Enable or disable the hosted control planes feature,,,,modules/hcp-disable-feature.adoc,full,disable HCP feature,
Manage hosted control planes across platforms,"When my clusters are operational, I want to manage them consistently across various platforms, so I can streamline my day-to-day operations.",,full,hosted_control_planes/hcp-manage/hcp-manage-aws.adoc,full,manage on AWS,"One management assembly per platform (AWS, BM, virt, non-BM, IBM Power, OpenStack); IBM Z lacks a dedicated hcp-manage assembly."
Manage hosted control planes across platforms,,,,hosted_control_planes/hcp-manage/hcp-manage-bm.adoc,full,manage on bare metal,
Manage hosted control planes across platforms,,,,hosted_control_planes/hcp-manage/hcp-manage-virt.adoc,full,manage on virtualization,
Manage hosted control planes across platforms,,,,hosted_control_planes/hcp-manage/hcp-manage-ibm-power.adoc,full,manage on IBM Power,
Manage hosted control planes across platforms,,,,hosted_control_planes/hcp-manage/hcp-manage-openstack.adoc,full,manage on OpenStack,
Scale workloads in a hosted cluster,"When application traffic fluctuates, I want to automatically scale my hosted cluster workloads up or down, so I can maintain performance during peak times and reduce infrastructure costs.",,full,modules/hcp-bm-autoscale.adoc,full,enable node pool autoscaling,Manual + autoscaler scaling well covered but distributed across per-platform manage assemblies (discoverability partial).
Scale workloads in a hosted cluster,,,,modules/scale-up-down-autoscaler-hcp.adoc,full,scale-up/down autoscaler config,
Scale workloads in a hosted cluster,,,,modules/hcp-scale-the-nodepool.adoc,full,manually scale a node pool,
Scale workloads in a hosted cluster,,,,modules/hcp-virt-scale-nodepool.adoc,full,virt node pool scaling,
Manually import a hosted cluster,"When I have an existing cluster, I want to manually import it into my management environment, so I can govern it alongside my other hosted clusters.",,full,modules/hcp-import-limitations.adoc,full,limitations of manual import,Dedicated assembly hcp-import.adoc.
Manually import a hosted cluster,,,,modules/hcp-import-manual.adoc,full,manually import a hosted cluster,
Manually import a hosted cluster,,,,modules/hcp-import-manual-aws.adoc,full,manual import on AWS,
Manually import a hosted cluster,,,,modules/hcp-import-disable.adoc,full,disable automatic import,
Delete a hosted cluster,"When a cluster is no longer needed, I want to securely delete the hosted cluster, so I can free up resources on my management cluster and target platform.",,full,hosted_control_planes/hcp-destroy/hcp-destroy-aws.adoc,full,destroy on AWS,Full 'Destroying a hosted cluster' section per platform. Docs use 'destroy' vs job's 'delete' (terminology mismatch).
Delete a hosted cluster,,,,modules/hcp-azure-delete.adoc,full,delete Azure hosted cluster,
Delete a hosted cluster,,,,hosted_control_planes/hcp-destroy/hcp-destroy-virt.adoc,full,destroy on virtualization,
Delete a hosted cluster,,,,hosted_control_planes/hcp-destroy/hcp-destroy-openstack.adoc,full,destroy on OpenStack,
Unload kernel modules from nodes,"When I need to remove a kernel module or switch to a different version, I want to unload modules cleanly, so I can avoid leaving the system in an inconsistent state.",Manage kernel modules across cluster nodes,full,hardware_enablement/modules/kmm-unloading-kernel-module.adoc,full,delete Module CR; KMM runs modprobe -r,
Unload kernel modules from nodes,,,,hardware_enablement/modules/kmm-customizing-upgrades-for-kernel-modules.adoc,partial,ordered upgrade/version handling,
Manage Day 1 kmod images lifecycle,"When transitioning kernel modules from Day 1 Machine Config to KMM management, I want to manage the kmod images lifecycle, so I can smoothly migrate from boot-time loading to KMM-managed loading.",Manage kernel modules across cluster nodes,full,hardware_enablement/modules/kmm-managing-day1-kmod-images.adoc,full,migrate Day 1 kmods to KMM,
Manage Day 1 kmod images lifecycle,,,,hardware_enablement/modules/kmm-day1-kernel-module-loading.adoc,partial,Day 1 loading via MCO/systemd,
Manage Day 1 kmod images lifecycle,,,,hardware_enablement/modules/kmm-day1-mco-yaml-creation.adoc,partial,Day 1 MachineConfig YAML,
Use KMM in hub-and-spoke multi-cluster,"When I manage kernel modules across multiple spoke clusters from a central hub, I want to use KMM-hub, so I can centrally define and distribute kernel modules to multiple clusters.",Manage kernel modules across cluster nodes,full,hardware_enablement/modules/kmm-hub-hub-and-spoke.adoc,full,KMM-Hub hub-and-spoke concept,Complete kmm-hub-* module set.
Use KMM in hub-and-spoke multi-cluster,,,,hardware_enablement/modules/kmm-hub-installing-kmm-hub.adoc,full,installing KMM-Hub,
Use KMM in hub-and-spoke multi-cluster,,,,hardware_enablement/modules/kmm-hub-using-the-managedclustermodule.adoc,full,ManagedClusterModule CRD,
Use KMM in hub-and-spoke multi-cluster,,,,hardware_enablement/modules/kmm-hub-running-kmm-on-the-spoke.adoc,full,running KMM on spokes,
Manage cluster sample image streams,"When I need default sample image streams and templates in my OpenShift cluster, I want to install, configure, and maintain Cluster Samples Operator content, so I can bootstrap development workflows in connected or disconnected environments.",,full,modules/samples-operator-overview.adoc,full,overview,Fully covered for connected AND disconnected. NOTE: Cluster Samples Operator is being deprecated (deprecation snippet present).
Manage cluster sample image streams,,,,modules/samples-operator-configuration.adoc,full,configuration,
Manage cluster sample image streams,,,,modules/samples-operator-crd.adoc,full,CRD reference,
Manage cluster sample image streams,,,,modules/samples-operator-restricted-network-install.adoc,full,disconnected install,
Manage cluster sample image streams,,,,modules/installation-restricted-network-samples.adoc,full,samples with alternate registry,
Configure cluster-wide image policy,"When I need to govern how my OpenShift cluster handles container images cluster-wide, I want to configure the image.config.openshift.io/cluster resource, so I can control registry access, imports, mirroring, and trust policies consistently across all nodes.",,full,modules/images-configuration-file.adoc,full,edit image.config CR,Registry access/imports/mirroring/trust covered. Sigstore ClusterImagePolicy signature trust NOT under openshift_images/ (minor gap if job intends signature policies).
Configure cluster-wide image policy,,,,modules/images-configuration-parameters.adoc,full,image config parameters,
Configure cluster-wide image policy,,,,modules/images-configuration-allowed.adoc,full,allowedRegistriesForImport,
Configure cluster-wide image policy,,,,modules/images-configuration-registry-mirror.adoc,full,registry mirroring,
Configure cluster-wide image policy,,,,modules/images-configuration-cas.adoc,full,additionalTrustedCA / trust,
Remediate node configuration drift to return the node to ready.,"When a node is marked degraded due to configuration drift, I want to identify exactly which file or setting diverged, so I can fix or reconcile the drift.",,full,modules/machine-config-drift-detection.adoc,full,"detect mismatch, identify degraded node/file, remediate by rewriting",
Remediate node configuration drift to return the node to ready.,,,,modules/understanding-machine-config-operator.adoc,partial,defines drift concept,
Remediate node configuration drift to return the node to ready.,,,,modules/machine-config-overview.adoc,partial,"defines drift, points to detection",
Allow the configuration drift to remain and return the node to ready state.,"When configuration drift is intentional but I still need the node to update, I can remediate drift by restoring the file contents or blocking drift detection, so I can unblock future machine config rollouts.",,partial,modules/machine-config-drift-detection.adoc,partial,force-file option summarized; steps deferred to KCS,Force-file remediation is mentioned but detailed steps are offloaded to an external Red Hat KCS article -- gap in in-doc procedure.
Understand what the `oc get machineconfig node` and `oc describe machineconfig node` output means.,"When viewing `oc get machineconfig node` and `oc describe machineconfig node` output, I want to understand what the fields mean so that I can see if there are any issues on those nodes.",,full,modules/checking-mco-node-status.adoc,full,"MachineConfigNode CR, phases, conditions",Maps to machineconfignode (MachineConfigNode CR) commands.
Understand what the `oc get machineconfig node` and `oc describe machineconfig node` output means.,,,,modules/checking-mco-node-status-configuring.adoc,full,oc get/describe machineconfignodes during updates,
Understand what the `oc get machineconfig node` and `oc describe machineconfig node` output means.,,,,modules/checking-mco-status.adoc,partial,oc get/describe machineconfig(pool) status,
View and interact with Machine Config Operator certificates.,"When troubleshooting communication issues between nodes, I can inspect MCO-managed certificates, so that I determine if there are any issues.",,full,modules/checking-mco-status-certs.adoc,full,viewing and interacting with certificates,Overlaps conceptually with 'Understand how OpenShift uses certificates with the MCO' (concept vs hands-on).
Accessing failed nodes.,"When a node is down, I want to learn how to use the `core` user to access a node by using a serial console or a bare metal baseboard controller manager (BMC).",,partial,modules/core-user-password.adoc,partial,intro explains core-user access via serial console/BMC,No dedicated 'accessing failed nodes' module; use case only described within the core-user-password procedure. Potential gap for a standalone access-via-console/BMC procedure.
Configure the `core` user password for node access.,"When a node is down, I can use a machine config to set a password for the `core` user for nodes in a specific pool, so that I can access those nodes by using a serial console or a bare metal baseboard controller manager (BMC) with that user account.",,full,modules/core-user-password.adoc,full,create MC with core user + hashed password,Single module covers configure/change/remove; module title says 'Changing' (minor mismatch).
Change the `core` user password for node access.,"When I want to change the password for the `core` user on nodes in a specific pool, I can create a machine config object so that I can change the password across all the nodes.",,full,modules/core-user-password.adoc,full,edit the MC to change hashed password,Duplicate coverage of 'Configure the core user password' -- same single module.
Change the installed disk-partition schema for new nodes.,"When I want to change the install-time disk partition schema on nodes in a specific pool, I can create a machine config object, so that new nodes in that pool use the new partitioning on all the nodes.",,full,modules/machine-config-install-time-configs.adoc,full,overriding storage/partition setup via MC,Coverage spread across machine_configuration and post_installation/installation.
Change the installed disk-partition schema for new nodes.,,,,modules/machine-node-custom-partition.adoc,partial,custom /var partition (AWS install-time),
Change the installed disk-partition schema for new nodes.,,,,modules/installation-disk-partitioning.adoc,partial,install-time disk partitioning background,
Define the machine configuration changes that cause a disruption to my nodes and which changes do not.,"When making changes to certain Ignition config objects, I want to use a node disruption policy to define a set of node changes that would require little or no disruption to your workloads",,full,modules/machine-config-node-disruption-config.adoc,full,configure a node disruption policy,Dedicated assembly machine-config-node-disruption.adoc.
Define the machine configuration changes that cause a disruption to my nodes and which changes do not.,,,,modules/machine-config-node-disruption-example.adoc,full,example node disruption policy,
Limit the number of process IDs (PIDs) that a pod can use on my nodes to prevent PID exhaustion.,"When I want to set a PID limit on nodes in a specific pool, I can create a `KubeletConfig` object to set the `podPidsLimit` Kubelet parameter on those nodes.",,full,modules/create-a-kubeletconfig-crd-to-edit-kubelet-parameters.adoc,full,KubeletConfig CR with podPidsLimit,Additional PID-limit modules exist but are ROSA/OpenShift Dedicated scoped.
Limit the number of process IDs (PIDs) that a pod can use on my nodes to prevent PID exhaustion.,,,,modules/risks-setting-higher-process-id-limits.adoc,partial,risks of higher PID limits (ROSA/Dedicated),
Set the maximum number of pods that can run on a node.,"When I want to optimize pod density on nodes in a specific pool, I can create a `KubeletConfig` object to set the `maxPods` Kubelet parameter on those nodes.",,full,modules/nodes-nodes-managing-max-pods-proc.adoc,full,KubeletConfig with maxPods/podsPerCore,Covered in a dedicated Nodes assembly and the general KubeletConfig CR module.
Set the maximum number of pods that can run on a node.,,,,modules/create-a-kubeletconfig-crd-to-edit-kubelet-parameters.adoc,full,general KubeletConfig CR references maxPods,
Define the maximum size of the container log file before it is rotated.,"When I want to modify the log limits on nodes in a specific pool, I can create a `KubeletConfig` object to set the `containerLogMaxSize` Kubelet parameter on those nodes.",,full,modules/create-a-kubeletconfig-crd-to-edit-kubelet-parameters.adoc,full,containerLogMaxSize in the CR,Exact JTBD wording appears verbatim in the module.
Switch the container runtime used for workloads on my nodes between runC and crun.,"When I want to change the container runtime for new workloads on nodes in a specific pool, I can create a `ContainerRuntimeConfig` object, so that I can change between runcC and crun.",,full,modules/create-a-containerruntimeconfig-crd.adoc,full,defaultRuntime crun/runc via ContainerRuntimeConfig,Separate ZTP telco module covers crun for single-node deployments.
Switch the container runtime used for workloads on my nodes between runC and crun.,,,,modules/ztp-sno-du-configuring-crun-container-runtime.adoc,partial,ZTP/single-node crun config,
Define how much disk space a single container on my nodes can use for its files and layers.,"When I want to cap the CRI-O overlay/root partition size on nodes in a specific pool, I can create a `ContainerRuntimeObject` to set the `overlaySize` CRI-O parameter...",,full,modules/set-the-default-max-container-root-partition-size-for-overlay-with-crio.adoc,full,set overlaySize via ContainerRuntimeConfig,
Define how much disk space a single container on my nodes can use for its files and layers.,,,,modules/create-a-containerruntimeconfig-crd.adoc,partial,lists overlaySize as configurable,
"Reduce image pull time for operations that require a pull, such as cluster updates or application deployments.","When I need to reduce pod startup time for frequently-used images, I can use a `PinnedImageSet` to pin container images to a machine config pools...",,full,modules/machine-config-pin-preload-images.adoc,full,pin/pre-load images via PinnedImageSet,'Pinning images to nodes' assembly.
Configure my cluster to automatically update the boot image on my nodes.,"When working with my cluster, I want to configure my AWS, Azure, Google, or VSphere cluster to automatically update boot images, so that new nodes use the latest images.",,partial,modules/mco-update-boot-images-configuring.adoc,partial,enabling boot image mgmt (GCP/AWS),Auto boot-image update (managedBootImages) documented but the enabling module targets GCP and AWS (default) only. Azure and vSphere have only MANUAL boot image update -- job's AWS/Azure/GCP/vSphere auto-update scope not fully met.
Configure my cluster to automatically update the boot image on my nodes.,,,,modules/mco-update-boot-images-about.adoc,partial,boot image management concept,
Configure my cluster to automatically update the boot image on my nodes.,,,,(Azure/vSphere auto-update),gap,only manual boot-image update documented for Azure/vSphere,
Prevent my cluster from automatically updating the boot image on my nodes.,"When working with my cluster, I want to prevent my AWS, Azure, Google, or VSphere cluster from automatically updating the boot images.",,full,modules/mco-update-boot-images-disable.adoc,full,disabling boot image management,
View no-longer used machine config objects.,"When removing unused rendered machine configs, I can delete a specific number of them or all of the unused rendered machine configs.",,full,modules/machineconfig-garbage-collect-viewing.adoc,full,viewing rendered machine configs,Duplicate job statement with 'Remove no-longer used machine config objects'.
Remove no-longer used machine config objects.,"When removing unused rendered machine configs, I can delete a specific number of them or all of the unused rendered machine configs.",,full,modules/machineconfig-garbage-collect-removing.adoc,full,removing unused rendered machine configs,Duplicate job statement with 'View no-longer used machine config objects'.
Understand the out -of-cluster mode of the Image Mode for OpenShift feature.,"When I want to add software or drivers not available as extensions to my cluster by using the out-of-cluster mode of the Image Mode for OpenShift feature, I can learn about the mode and how to supply the required details.",,full,modules/coreos-layering-configuring.adoc,full,out-of-cluster mode via MachineConfig/osImageURL,Assembly distinguishes on-cluster vs out-of-cluster vs install-time modes.
Understand the out -of-cluster mode of the Image Mode for OpenShift feature.,,,,modules/coreos-layering-updating.adoc,partial,updating nodes using custom layered image,
Understand the machine lifecycle,"When I administer an OCP cluster, I want to understand the lifecycle status of a machine so that I can verify that a process is complete or troubleshoot undesired behavior.",,full,modules/machine-about-phases.adoc,full,machine phases,Dedicated assembly.
Understand the machine lifecycle,,,,modules/machine-about-lifecycle.adoc,full,machine lifecycle,
Understand the machine lifecycle,,,,modules/machine-determine-phase-cli.adoc,full,determine phase via CLI,
Understand the machine lifecycle,,,,modules/machine-determine-phase-gui.adoc,full,determine phase via console,
Apply configuration changes to compute machines manually,"When I need a different configuration for my compute machines in my cluster without automated scaling capabilities, I want to update the compute machines manually so that they use the new configuration.",,full,modules/machineset-modifying.adoc,full,modifying a compute machine set (manual config update),Overlaps 'Manage the configuration and lifecycle of compute machines' (umbrella).
Deploy machine health checks,"When I administer an OCP cluster, I want to deploy machine health checks so that I can define conditions for machine health problems and configure automatic detection and remediation.",,full,modules/machine-health-checks-about.adoc,full,about MHC,DUPLICATE of the later 'Deploy machine health checks' job (identical assembly/modules). Its sub-jobs (understand behavior / review sample / create resource) map to constituent modules.
Deploy machine health checks,,,,modules/machine-health-checks-resource.adoc,full,sample MHC resource,
Deploy machine health checks,,,,modules/machine-health-checks-short-circuiting.adoc,full,short-circuiting/maxUnhealthy,
Deploy machine health checks,,,,modules/machine-health-checks-creating.adoc,full,creating MHC,
Manage the configuration and lifecycle of control plane machines,"When I administer an OCP cluster, I want to manage the configuration and lifecycle of the machines backing the control plane so that they have the configuration and resources that they require.",,full,modules/cpmso-feat-config-update.adoc,full,config update,Control Plane Machine Set (CPMS). Parallels the compute-machine equivalent job.
Manage the configuration and lifecycle of control plane machines,,,,modules/cpmso-feat-auto-update.adoc,full,auto update strategy,
Manage the configuration and lifecycle of control plane machines,,,,modules/cpmso-feat-ondelete-update.adoc,full,OnDelete update strategy,
Manage the configuration and lifecycle of control plane machines,,,,modules/cpmso-feat-replace.adoc,full,replacing control plane machines,
Configure control plane failure domains,"When I administer an OCP cluster, I want to configure failure domains for the control plane so that I can ensure high availability and fault tolerance.",,full,modules/cpmso-failure-domains-provider.adoc,full,provider failure domains,cpmso-resiliency assembly + per-provider YAML modules.
Configure control plane failure domains,,,,modules/cpmso-failure-domains-balancing.adoc,full,balancing across failure domains,
Configure control plane failure domains,,,,modules/cpmso-yaml-failure-domain-aws.adoc,full,AWS failure domain YAML,
Configure control plane failure domains,,,,modules/cpmso-yaml-failure-domain-vsphere.adoc,full,vSphere failure domain YAML,
Manage the configuration and lifecycle of compute machines,"When I administer an OCP cluster, I want to manage the configuration and lifecycle of compute machines in the cluster so that the machines backing workloads and infrastructure have the configuration and resources that they require.",,full,modules/machineset-modifying.adoc,full,modify machine set config,"Umbrella job satisfied by the whole 'Managing compute machines' section (no single assembly). Overlaps 'apply config manually', 'scale a compute machine set', 'understand machine lifecycle'; parallels control-plane equivalent."
Manage the configuration and lifecycle of compute machines,,,,modules/machineset-manually-scaling.adoc,full,scale machine set,
Manage the configuration and lifecycle of compute machines,,,,modules/machine-about-lifecycle.adoc,full,lifecycle,
Manage the configuration and lifecycle of compute machines,,,,modules/machineset-delete-policy.adoc,partial,delete policy,
Installation and Setup,Network Observability Deployment and Management > ### Installation and Setup,Network Observability Deployment and Management,full,modules/network-observability-operator-install.adoc,full,install operator via OperatorHub,Maps cleanly to the 'Installing the Network Observability Operator' assembly (Loki and non-Loki paths).
Installation and Setup,,,,modules/network-observability-loki-install.adoc,full,install Loki Operator,
Installation and Setup,,,,modules/network-observability-lokistack-create.adoc,full,create LokiStack CR,
Installation and Setup,,,,modules/network-observability-without-loki.adoc,full,install without Loki,
Control automatic installation during cluster creation,Network Observability Deployment and Management > - 11.3 Control automatic installation during cluster creation,Installation and Setup,partial,modules/network-observability-operator-release-notes-1-12-technology-preview.adoc,partial,"TP feature gate ref only, not a procedure",Only content is in the 1.12 Tech Preview release note (NetworkObservabilityInstall feature gate). No dedicated procedure/concept -- near-gap.
Control automatic installation during cluster creation,,,,(control automatic install procedure),gap,no dedicated task/concept module,
Configure eBPF agent flow collection settings,Network Observability Deployment and Management > - 11.5 Configure eBPF agent flow collection settings,Installation and Setup,partial,modules/network-observability-configuring-FLP-sampling.adoc,partial,sampling only,eBPF agent settings documented but scattered; full agent.ebpf spec exists only as API reference. No single consolidated 'Configure the eBPF agent' task.
Configure eBPF agent flow collection settings,,,,modules/network-observability-flowcollector-api-specifications.adoc,full,full spec.agent.ebpf API reference,
Configure eBPF agent flow collection settings,,,,modules/network-observability-ebpf-manager-operator.adoc,partial,eBPF Manager Operator integration,
Configure Loki storage and retention policies,Network Observability Deployment and Management > - 11.6 Configure Loki storage and retention policies,Installation and Setup,partial,modules/network-observability-loki-secret.adoc,full,secret for Loki object storage,Loki STORAGE setup well covered; RETENTION policy configuration is a gap in netobserv docs (only generic Loki/logging docs cover retention).
Configure Loki storage and retention policies,,,,modules/network-observability-lokistack-create.adoc,full,LokiStack CR (storage size/class),
Configure Loki storage and retention policies,,,,modules/network-observability-lokistack-ingestion-query.adoc,partial,"ingestion limits, no retention",
Configure Loki storage and retention policies,,,,(Loki retention policy),gap,no retention content in netobserv modules,
Configure flow sampling and filtering rules,Network Observability Deployment and Management > - 11.7 Configure flow sampling and filtering rules,Installation and Setup,full,modules/network-observability-configuring-FLP-sampling.adoc,full,configure sampling rate,Well covered but split across configuring-operator.adoc and observing-network-traffic.adoc.
Configure flow sampling and filtering rules,,,,modules/network-observability-filter-network-flows-at-ingestion.adoc,full,filter flows at ingestion,
Configure flow sampling and filtering rules,,,,modules/network-observability-flow-filter-parameters.adoc,full,flow filter parameters,
Configure flow sampling and filtering rules,,,,modules/network-observability-ebpf-flow-data-filtering-examples.adoc,full,filtering examples,
Operations and Maintenance,Network Observability Deployment and Management > ### Operations and Maintenance,Network Observability Deployment and Management,full,modules/network-observability-updating-migrating.adoc,full,upgrade/migrate,"Content fully present but spread across many top-level assemblies (monitoring, health rules, scheduling, Kafka scaling, troubleshooting) rather than one section."
Operations and Maintenance,,,,modules/network-observability-operator-uninstall.adoc,full,uninstall,
Operations and Maintenance,,,,modules/network-observability-resource-recommendations.adoc,full,resource sizing/scheduling,
Operations and Maintenance,,,,modules/network-observability-viewing-alerts.adoc,full,monitoring/health/alerts,
Operations and Maintenance,,,,modules/troubleshooting-network-observability-must-gather.adoc,full,troubleshooting,
Manage workloads on multi-architecture clusters,"When I have a cluster with compute nodes of different CPU architectures, I want to schedule workloads on nodes with compatible architectures using affinity rules and tolerations, so I can ensure applications run on appropriate hardware.",,full,modules/multi-architecture-scheduling.adoc,full,architecture-aware scheduling concept,Overlaps 'Configure multi-architecture node workload deployments' (both use scheduling-examples module).
Manage workloads on multi-architecture clusters,,,,modules/multi-architecture-scheduling-examples.adoc,full,sample deployments (nodeAffinity/taints/tolerations),
Manage workloads on multi-architecture clusters,,,,modules/multi-architecture-enabling-64k-pages.adoc,partial,64k page size on aarch64,
Schedule workloads on multi-architecture clusters,"When deploying applications in multi-architecture environments, I want to use the Multiarch Tuning Operator to automatically set architecture predicates and node affinity, so I can avoid manual scheduling configuration for every workload.",,full,modules/multi-arch-installing-using-cli.adoc,full,install operator via CLI,Dedicated Multiarch Tuning Operator assembly.
Schedule workloads on multi-architecture clusters,,,,modules/multi-arch-creating-podplacment-config.adoc,full,ClusterPodPlacementConfig concept,
Schedule workloads on multi-architecture clusters,,,,modules/multi-arch-creating-podplacment-config-using-cli.adoc,full,create config via CLI,
Schedule workloads on multi-architecture clusters,,,,modules/multi-arch-creating-namespace-podplacement-config.adoc,full,namespace-scoped PodPlacementConfig,
Configure multi-architecture node workload deployments,"When I need fine-grained control over pod placement in multi-arch clusters, I want to configure nodeAffinity, taints, tolerations, and namespace annotations, so I can implement custom scheduling policies for different workload types.",,full,modules/multi-architecture-scheduling-examples.adoc,full,sample multi-arch node workload deployments,scheduling-examples module + snippets cover nodeAffinity/taints/tolerations/namespace annotations. Overlaps 'Manage workloads on multi-architecture clusters'.
Configure multi-architecture node workload deployments,,,,snippets/multi-arch-schedule-nodeaffinity.adoc,full,nodeAffinity snippet,
Configure multi-architecture node workload deployments,,,,snippets/multi-arch-schedule-taint.adoc,full,taint snippet,
Configure multi-architecture node workload deployments,,,,snippets/multi-arch-schedule-toleration.adoc,full,toleration snippet,
Import manifest lists in image streams,"When operating multi-architecture clusters, I want to configure image streams to import manifest lists instead of single-architecture images, so I can ensure the correct image variant is pulled for each node architecture.",,full,modules/multi-architecture-import-imagestreams.adoc,full,import manifest lists via importMode=PreserveOriginal,Supplemented by general image stream importMode reference modules.
Import manifest lists in image streams,,,,modules/images-imagestream-import-import-mode.adoc,partial,general importMode config,
Import manifest lists in image streams,,,,modules/importmode-configuration-fields.adoc,partial,importMode fields reference,
Deploy machine health checks,"When I need to automatically remediate unhealthy nodes, I want to create MachineHealthCheck resources with appropriate conditions and thresholds, so I can maintain cluster health without manual intervention.",,full,modules/machine-health-checks-about.adoc,full,about MHC,DUPLICATE of the earlier 'Deploy machine health checks' job -- identical assembly and modules.
Deploy machine health checks,,,,modules/machine-health-checks-resource.adoc,full,sample resource w/ conditions and thresholds,
Deploy machine health checks,,,,modules/machine-health-checks-short-circuiting.adoc,full,maxUnhealthy thresholds,
Deploy machine health checks,,,,modules/machine-health-checks-creating.adoc,full,creating MHC,
Understand machine health check behavior,"When configuring automated remediation, I want to understand machine health check behavior including limitations and short-circuiting via maxUnhealthy, so I can design health checks that avoid disruptive remediation loops.",Deploy machine health checks,full,modules/machine-health-checks-short-circuiting.adoc,full,limitations and short-circuiting via maxUnhealthy,Sub-job of 'Deploy machine health checks' -> short-circuiting module.
Review sample MachineHealthCheck resource,"When implementing node health monitoring, I want to configure MachineHealthCheck resources with selector labels, unhealthy conditions, and remediation limits, so I can define when and how nodes should be automatically replaced.",Deploy machine health checks,full,modules/machine-health-checks-resource.adoc,full,"sample MHC with selectors, conditions, maxUnhealthy",Sub-job of 'Deploy machine health checks' -> resource module.
Create a machine health check resource,"When enabling automated node remediation, I want to create and apply MachineHealthCheck YAML manifests to the cluster, so I can activate health monitoring for specific machine sets or control planes.",Deploy machine health checks,full,modules/machine-health-checks-creating.adoc,full,create/apply MachineHealthCheck YAML,Sub-job of 'Deploy machine health checks' -> creating module.
Scale a compute machine set,"When adjusting cluster capacity, I want to scale machine set replicas up or down and optionally annotate machines for deletion, so I can add or remove compute nodes based on workload demands.",,full,modules/machineset-manually-scaling.adoc,full,scale replicas up/down,Constituent task of the 'Manage the configuration and lifecycle of compute machines' umbrella job.
Scale a compute machine set,,,,modules/machineset-delete-policy.adoc,full,delete policy / annotate machines for deletion,
Understand MachineSet and MachineConfigPool differences,"When managing node lifecycle and configuration, I want to understand how MachineSet controls cloud resources while MachineConfigPool manages configuration and upgrades, so I can use the appropriate mechanism for each task.",,full,modules/differences-between-machinesets-and-machineconfigpool.adoc,full,MachineSet vs MachineConfigPool,"Module lives in post_installation_configuration, NOT machine_management."
RBAC and access prerequisites,Access and use the image registry > 3.1 RBAC and access prerequisites,Access and use the image registry,partial,registry/accessing-the-registry.adoc,partial,"RBAC prereqs inline, not modularized","RBAC prerequisites (registry-viewer/registry-editor roles, oc policy add-role-to-user) documented inline in the assembly Prerequisites, not as a dedicated module."
Direct in-cluster access,Access and use the image registry > 3.2 Direct in-cluster access,Access and use the image registry,full,modules/registry-accessing-directly.adoc,full,podman login/push/pull against integrated registry,
Access and use the image registry,"When OpenShift's integrated image registry is configured, I want to access, monitor, and push or pull images according to my permissions, so I can use the registry for day-2 cluster operations.",,full,modules/registry-accessing-directly.adoc,full,direct access,PARENT job. Exposing the registry is a related assembly (securing-exposing-registry.adoc).
Access and use the image registry,,,,modules/registry-checking-the-status-of-registry-pods.adoc,full,check registry pod status,
Access and use the image registry,,,,modules/registry-viewing-logs.adoc,full,view registry logs,
Access and use the image registry,,,,modules/registry-accessing-metrics.adoc,full,access registry metrics/monitoring,
Prepare your cluster for Day-2 support,"When transitioning a cluster to production, I want to configure health monitoring and validate entitlements, so I am fully prepared to handle future outages.",,partial,post_installation_configuration/day_2_core_cnf_clusters/telco-day-2-welcome.adoc,partial,"Day-2 landing page, no entitlements",No single assembly matches this framing. Pieces exist but split: telco-day-2-welcome landing page (no entitlements) + health monitoring under support/remote_health_monitoring/. Entitlements covered by the child job.
Prepare your cluster for Day-2 support,,,,support/remote_health_monitoring/,partial,health monitoring assemblies,
Prepare your cluster for Day-2 support,,,,(consolidated Day-2 support prep),gap,no single assembly combining health monitoring + entitlement validation,
Manage cluster support entitlements,"When reviewing my infrastructure footprint, I want to manage my cluster subscriptions, so I can ensure my environment is legally compliant and supported.",Prepare your cluster for Day-2 support,full,modules/insights-operator-sca-entitlement-synchronization.adoc,full,SCA entitlement sync,Simple content access (SCA) import/sync/verify fully documented.
Manage cluster support entitlements,,,,modules/insights-operator-sca-verify-entitlement-secrets.adoc,full,verify entitlements,
Manage cluster support entitlements,,,,modules/insights-operator-enabling-sca.adoc,full,enable SCA,
Manage cluster support entitlements,,,,support/remote_health_monitoring/insights-operator-simple-access.adoc,full,assembly: importing SCA entitlements,
Use administrator workflows in the console,"When performing cluster administration tasks, I want to use administrator-specific workflows in the console, so I can manage cluster resources, operators, and settings efficiently.",,partial,modules/about-administrator_web-console.adoc,full,Administrator perspective and its workflows,"Administrator perspective concept documented, but no single consolidated 'administrator workflows' assembly; actual admin tasks scattered across many guides."
Use administrator workflows in the console,,,,web_console/web-console-overview.adoc,partial,overview,
Use administrator workflows in the console,,,,(consolidated admin workflows assembly),gap,"admin tasks scattered, no dedicated console-workflow assembly",
Use the embedded web terminal,"When performing CLI operations from the browser, I want to launch an embedded terminal in the console, so I can run commands without installing local CLI tools.",,full,modules/odc-access-web-terminal.adoc,full,launch/access embedded terminal,Dedicated web_terminal section (install/configure/use/troubleshoot).
Use the embedded web terminal,,,,modules/odc-configure-web-terminal-image-session.adoc,full,configure image (session),
Use the embedded web terminal,,,,modules/odc-configure-web-terminal-timeout-session.adoc,full,configure timeout (session),
Use the embedded web terminal,,,,modules/configure-web-terminal-timeout-admin.adoc,full,configure timeout (admin),
Uninstall the Web Terminal Operator,"When removing web terminal functionality, I want to uninstall the operator and related CRDs, so I can reclaim cluster resources and remove the feature completely.",,full,modules/removing-web-terminal-operator.adoc,full,remove Web Terminal Operator + CRs,Two-step removal (Web Terminal Operator + DevWorkspace Operator dependency).
Uninstall the Web Terminal Operator,,,,modules/removing-devworkspace-operator.adoc,full,remove DevWorkspace Operator dependency,

=== SUMMARY: JOURNEY GAPS (jobs/steps with no or incomplete module coverage) ===
job_name,gap_description
Manage Hosts and Monitor Hardware Events,No dedicated hardware-event / Redfish HardwareEvent monitoring module exists; only host management + firmware status are covered.
Control automatic installation during cluster creation (Net Observability),Only referenced in a 1.12 Tech Preview release note; no procedure/concept module for controlling automatic install.
Configure Loki storage and retention policies (Net Observability),Loki storage covered; RETENTION policy configuration missing from netobserv docs.
Configure eBPF agent flow collection settings (Net Observability),Settings scattered; full agent.ebpf spec only in API reference; no consolidated 'configure eBPF agent' task.
Configure my cluster to automatically update the boot image,Auto-update (managedBootImages) only for GCP/AWS; Azure and vSphere have manual boot-image update only.
Accessing failed nodes.,No standalone access-via-serial-console/BMC procedure; only described inside the core-user-password module.
Allow the configuration drift to remain and return the node to ready state.,Force-file remediation steps offloaded to an external Red Hat KCS article; not fully in-doc.
Gap: Using catalog sources in disconnected environments,Explicit oc-mirror->catalogsource linkage and upgrade-time catalog behavior not documented as a workflow (base content exists).
Prepare your cluster for Day-2 support,No single assembly combining health monitoring + entitlement validation for this JTBD framing.
Use administrator workflows in the console,No consolidated 'administrator workflows' assembly; admin tasks scattered across guides.
Configure cluster-wide image policy,"Sigstore ClusterImagePolicy signature-trust policies not documented under openshift_images/ (minor, if job intends signature trust)."

=== SUMMARY: DUPLICATE / OVERLAPPING JOBS ===
job_a,job_b_or_group,overlap_description
Deploy machine health checks (row 56),Deploy machine health checks (row 70),Identical assembly (deploying-machine-health-checks.adoc) and modules -- true duplicate.
Understand MHC behavior / Review sample MHC / Create MHC resource,Deploy machine health checks,Three jobs each map to a single constituent module of the MHC assembly; candidates to nest under 'Deploy machine health checks'.
Configure the core user password (row 39),Change the core user password (row 40),Both served by the single module core-user-password.adoc.
View no-longer used machine config objects (row 51),Remove no-longer used machine config objects (row 52),Identical job_statement text; adjacent modules in the same garbage-collection assembly.
Understand how OpenShift uses certificates with the MCO (row 18),View and interact with MCO certificates (row 37),Concept vs hands-on for the same MCO certificate content.
Remediate node configuration drift (row 34),Allow the configuration drift to remain (row 35),Both map to machine-config-drift-detection.adoc.
Manage the configuration and lifecycle of compute machines (row 59),Apply config manually / Scale a compute machine set / Understand machine lifecycle,Umbrella job overlapping several constituent compute-machine jobs.
Manage workloads on multi-architecture clusters (row 66),Configure multi-architecture node workload deployments (row 68),Both rely on multi-architecture-scheduling-examples.adoc + affinity/taint/toleration snippets.
Manage the configuration and lifecycle of control plane machines (row 57),Manage the configuration and lifecycle of compute machines (row 59),Parallel umbrella jobs (control plane vs compute).

=== SUMMARY: SCOPE / UNMAPPED ASSEMBLIES NOTES ===
note
"This analysis covers ONLY the 82 jobs in the 'Administer' category. Assemblies belonging to other categories (Install, Networking, Security, developer/app workflows, most of storage/, updating/, etc.) were not evaluated and are therefore out of scope, not 'unmapped'."
Adjacent assemblies discovered during analysis but not tied to any Administer job: registry/securing-exposing-registry.adoc (exposing the registry); serverless init-container variants; ZTP policygentemplate vs policygenerator duplicate variants; support/remote_health_monitoring/ beyond entitlements.
Cluster Samples Operator (job 'Manage cluster sample image streams') is flagged for deprecation in-docs -- confirm the job is still desired before creating a map file.
"Several jobs are cross-directory: etcd scaling -> etcd/, KMM -> hardware_enablement/, multi-arch -> post_installation_configuration/, MachineSet-vs-MCP -> post_installation_configuration/, entitlements -> support/. The job's category ('Administer') does not match a single docs directory."
