job_category,job_number,job_name,job_statement,parent_job,job_coverage,module_file,module_status,module_note,job_notes
,27,Job 27,,,gap,,gap,No existing module covers this job,
Administer,29,Connect gRPC applications,"When I am deploying Remote Procedure Call (gRPC) applications, I want to route traffic directly to native gRPC methods, so I can ensure seamless communication for my gRPC-based services.",,partial,modules/con-about-grpc-support.adoc,full,from connect-secure-apis-services assembly,Some aspects of the job may lack dedicated documentation
Administer,29,Connect gRPC applications,"When I am deploying Remote Procedure Call (gRPC) applications, I want to route traffic directly to native gRPC methods, so I can ensure seamless communication for my gRPC-based services.",,partial,modules/proc-create-grpcroute.adoc,full,from connect-secure-apis-services assembly,Some aspects of the job may lack dedicated documentation
Administer,29,Connect gRPC applications,"When I am deploying Remote Procedure Call (gRPC) applications, I want to route traffic directly to native gRPC methods, so I can ensure seamless communication for my gRPC-based services.",,partial,modules/ref-grpcroute-parameters.adoc,full,from connect-secure-apis-services assembly,Some aspects of the job may lack dedicated documentation
Administer,29,Connect gRPC applications,"When I am deploying Remote Procedure Call (gRPC) applications, I want to route traffic directly to native gRPC methods, so I can ensure seamless communication for my gRPC-based services.",,partial,modules/proc-migrate-policies-to-grpc.adoc,partial,Migration guidance for existing deployments,Some aspects of the job may lack dedicated documentation
Administer,31,Automate multicluster traffic routing,"When I operate across multiple clusters, I want to automate DNS hostnames and load balancing, so I can seamlessly route traffic to available gateways and maintain high availability.",,partial,modules/proc-set-dns-policy.adoc,full,from deployment assembly,Some aspects of the job may lack dedicated documentation
Administer,31,Automate multicluster traffic routing,"When I operate across multiple clusters, I want to automate DNS hostnames and load balancing, so I can seamlessly route traffic to available gateways and maintain high availability.",,partial,modules/proc-use-coredns-multicluster.adoc,full,from coredns assembly,Some aspects of the job may lack dedicated documentation
Administer,31,Automate multicluster traffic routing,"When I operate across multiple clusters, I want to automate DNS hostnames and load balancing, so I can seamlessly route traffic to available gateways and maintain high availability.",,partial,modules/con-connectivity-link-platform-eng-work.adoc,partial,Platform workflow context,Some aspects of the job may lack dedicated documentation
Administer,34,Control AI token consumption,"When providing access to generative AI models, I want to track and limit usage based on actual token counts rather than HTTP hits, so I can dynamically control inference costs and prevent budget overruns.",,full,modules/con-about-token-based-rate-limiting.adoc,full,from deployment assembly,
Administer,34,Control AI token consumption,"When providing access to generative AI models, I want to track and limit usage based on actual token counts rather than HTTP hits, so I can dynamically control inference costs and prevent budget overruns.",,full,modules/proc-configure-token-based-rate-limiting.adoc,full,from deployment assembly,
Administer,109,Delete virtual MCP servers,"When I no longer need a virtual MCP server, I want to delete the MCPVirtualServer CR, so I can clean up unused resources.",,full,modules/proc-mcp-gateway-delete-virtual-server.adoc,full,from mcp-gateway-create-virtual-mcp-servers assembly,
Administer,134,Understand policy status conditions,"When a policy is not working as expected, I want to understand what the status conditions on AuthPolicy, RateLimitPolicy, DNSPolicy, and TLSPolicy mean, so I can identify and fix the root cause without opening a support case.",,gap,,gap,No existing module covers this job,NEW job
Administer,139,Uninstall Connectivity Link,"When I need to remove Connectivity Link from my cluster, I want to cleanly uninstall the Operator and all associated resources, so I can avoid leaving orphaned CRDs or finalizers that block future reinstallation.",,gap,,gap,No existing module covers this job,NEW job
Administer,142,Unregister or remove an MCP server,"When I need to decommission an MCP server, I want to delete the MCPServerRegistration CR and associated resources, so I can cleanly remove the server without leaving stale routing configuration.",,partial,modules/proc-mcp-gateway-register-mcp-server.adoc,partial,Mentions delete/re-create for prefix updates; no dedicated unregister procedure,NEW job; Some aspects of the job may lack dedicated documentation
Administer,145,Scale and size Connectivity Link components,"When I am planning or operating a production Connectivity Link deployment, I want to understand resource requirements, scaling strategies, and autoscaling configuration for gateway, Authorino, and Limitador, so I can meet my performance SLOs and avoid operator reconciliation conflicts.",,gap,,gap,No existing module covers this job,NEW job
Configure,11,Configure DNS provider credentials for AWS,"When I want to use AWS Route 53 for DNS policies, I want to configure AWS DNS credentials in my cluster, so I can create DNSPolicy resources that manage DNS records automatically.",Give Connectivity Link access,full,modules/proc-configure-dns-provider-aws.adoc,full,from install-guide assembly,
Configure,12,Configure Google DNS provider credentials,"When I want to use Google Cloud DNS for DNS policies, I want to configure Google DNS credentials in my cluster, so I can create DNSPolicy resources that manage DNS records automatically.",,full,modules/proc-configure-dns-provider-google.adoc,full,from install-guide assembly,
Configure,13,Configure Azure DNS provider credentials,"When I want to use Azure DNS for DNS policies, I want to configure Azure DNS credentials in my cluster, so I can create DNSPolicy resources that manage DNS records automatically.",,full,modules/proc-configure-dns-provider-azure.adoc,full,from install-guide assembly,
Configure,14,Configure coreDNS,"When I want to self-manage my on-premise DNS, I want to integrate CoreDNS with my DNS infrastructure, so I can create access control and zone delegation.",,partial,modules/con-about-using-onprem-dns-coredns.adoc,full,from coredns assembly,Some aspects of the job may lack dedicated documentation
Configure,14,Configure coreDNS,"When I want to self-manage my on-premise DNS, I want to integrate CoreDNS with my DNS infrastructure, so I can create access control and zone delegation.",,partial,modules/con-rhcl-coredns-arch.adoc,full,from coredns assembly,Some aspects of the job may lack dedicated documentation
Configure,14,Configure coreDNS,"When I want to self-manage my on-premise DNS, I want to integrate CoreDNS with my DNS infrastructure, so I can create access control and zone delegation.",,partial,modules/proc-use-coredns-single-cluster.adoc,full,from coredns assembly,Some aspects of the job may lack dedicated documentation
Configure,14,Configure coreDNS,"When I want to self-manage my on-premise DNS, I want to integrate CoreDNS with my DNS infrastructure, so I can create access control and zone delegation.",,partial,modules/ref-coredns-corefile-config.adoc,partial,Corefile reference,Some aspects of the job may lack dedicated documentation
Configure,15,Configure storage for rate limiting,"When I need rate limiting across multiple clusters, I want to configure a shared Redis datastore for Limitador, so I can persist rate limit counters in a multicluster environment.",,full,modules/proc-configure-redis.adoc,full,from install-guide assembly,
Configure,16,Enable the Connectivity Link dynamic plugin for OpenShift web console,"When I want a graphical view of gateways and policies, I want to enable the Connectivity Link dynamic plugin in the OpenShift web console, so I can manage Connectivity Link resources through the UI.",,partial,modules/proc-enable-openshift-dynamic-plugin.adoc,full,from install-guide assembly,Some aspects of the job may lack dedicated documentation
Configure,16,Enable the Connectivity Link dynamic plugin for OpenShift web console,"When I want a graphical view of gateways and policies, I want to enable the Connectivity Link dynamic plugin in the OpenShift web console, so I can manage Connectivity Link resources through the UI.",,partial,modules/proc-rhcl-enable-console-plugin.adoc,full,from rhcl-ocp-web-console assembly,Some aspects of the job may lack dedicated documentation
Configure,16,Enable the Connectivity Link dynamic plugin for OpenShift web console,"When I want a graphical view of gateways and policies, I want to enable the Connectivity Link dynamic plugin in the OpenShift web console, so I can manage Connectivity Link resources through the UI.",,partial,modules/con-about-using-openshift-web-console.adoc,partial,Console overview,Some aspects of the job may lack dedicated documentation
Configure,36,Manage on-premise DNS traffic,"When running services in a private data center, I want to manage on-premise DNS traffic, so I can control internal network routing without relying on external cloud providers.",,full,modules/con-about-using-onprem-dns-coredns.adoc,full,from coredns assembly,
Configure,36,Manage on-premise DNS traffic,"When running services in a private data center, I want to manage on-premise DNS traffic, so I can control internal network routing without relying on external cloud providers.",,full,modules/proc-use-coredns-single-cluster.adoc,full,from coredns assembly,
Configure,36,Manage on-premise DNS traffic,"When running services in a private data center, I want to manage on-premise DNS traffic, so I can control internal network routing without relying on external cloud providers.",,full,modules/proc-use-coredns-multicluster.adoc,full,from coredns assembly,
Configure,37,Route internal traffic for a single cluster,"When operating an isolated cluster, I want to manage local DNS entries internally, so I can route internal traffic securely without external cloud dependencies.",,full,modules/proc-use-coredns-single-cluster.adoc,full,from coredns assembly,
Configure,37,Route internal traffic for a single cluster,"When operating an isolated cluster, I want to manage local DNS entries internally, so I can route internal traffic securely without external cloud dependencies.",,full,modules/con-about-using-onprem-dns-coredns.adoc,full,from coredns assembly,
Configure,38,Distribute traffic across multiple on-premise clusters,"When running workloads across several internal clusters, I want to delegate DNS between primary and secondary clusters, so I can ensure high availability, failover, and geographic distribution.",,partial,modules/proc-use-coredns-multicluster.adoc,full,from coredns assembly,Some aspects of the job may lack dedicated documentation
Configure,38,Distribute traffic across multiple on-premise clusters,"When running workloads across several internal clusters, I want to delegate DNS between primary and secondary clusters, so I can ensure high availability, failover, and geographic distribution.",,partial,modules/con-rhcl-coredns-arch.adoc,partial,Architecture for primary/secondary delegation,Some aspects of the job may lack dedicated documentation
Configure,46,Create a Gateway object for your MCP gateway deployment,"When I have installed the MCP gateway, I want to create a Gateway object with listeners, so I can HTTP routes a place to connect for handling MCP traffic.",,full,modules/proc-config-mcp-gateway-gateway.adoc,full,from mcp-gateway-install assembly,
Configure,47,Configure MCP gateway listeners,"When I have created a Gateway object, I want to configure MCP, HTTP, and HTTPS listeners, so I can control which transport protocols and ports are available for agentic AI connections.",,full,modules/proc-config-mcp-gateway-listener.adoc,full,from mcp-gateway-install assembly,
Configure,52,Apply a ReferenceGrant custom resource,"When I need to isolate teams within a single cluster, I want to apply team-specific MCPGatewayExtension custom resources (CRs) in individual namespaces that all target a shared Gateway object, so that I can give the teams the accesst that I want.",,partial,modules/proc-mcp-gateway-referencegrant.adoc,full,from mcp-gateway-install assembly,Some aspects of the job may lack dedicated documentation
Configure,52,Apply a ReferenceGrant custom resource,"When I need to isolate teams within a single cluster, I want to apply team-specific MCPGatewayExtension custom resources (CRs) in individual namespaces that all target a shared Gateway object, so that I can give the teams the accesst that I want.",,partial,modules/con-mcp-gateway-isolated-deployment.adoc,partial,from mcp-gateway-isolated-deployment assembly,Some aspects of the job may lack dedicated documentation
Configure,52,Apply a ReferenceGrant custom resource,"When I need to isolate teams within a single cluster, I want to apply team-specific MCPGatewayExtension custom resources (CRs) in individual namespaces that all target a shared Gateway object, so that I can give the teams the accesst that I want.",,partial,modules/proc-mcp-gateway-deploy-isolated-instances.adoc,partial,from mcp-gateway-isolated-deployment assembly,Some aspects of the job may lack dedicated documentation
Configure,54,Apply a customized HTTPRoute object,"When my production environment requires custom routing rules such as CORS headers, OAuth integration, or additional path rules, I want to create and apply a customized HTTPRoute CR, so I can tailor traffic routing to meet my specific security and integration requirements.",,full,modules/proc-mcp-gateway-custom-route.adoc,full,from mcp-gateway-install assembly,
Configure,69,Configure access logs,"When I need to track requests across services, I want to configure Envoy access logs in Service Mesh, so I can trace individual requests using unique identifiers and diagnose issues.",,full,modules/proc-obs-configure-access-logs.adoc,full,from observability assembly,
Configure,78,Configure an AuthPolicy with identity injection,"When I need to capture authenticated user identities in access logs, I want to create AuthPolicy CRs for both MCP gateway listeners, so I can inject the authenticated username into request headers for audit logging.",,full,modules/proc-mcp-gateway-config-authpolicy-with-id-injection.adoc,full,from mcp-gateway-observe assembly,
Configure,79,Verify AuthPolicy identity injection,"When I have configured AuthPolicy identity injection, I want to verify that the x-auth-identity header is being injected correctly, so I can confirm my audit trail captures authenticated user identities.",,full,modules/proc-mcp-gateway-verify-authpolicy-id-inject.adoc,full,from mcp-gateway-observe assembly,
Configure,91,Connecting MCP servers to the gateway,"When I have MCP servers, I want to register them with the MCP gateway, so I can enable the discovery of their tools and prompts.",,full,modules/con-mcp-gateway-register-mcp-server.adoc,full,from mcp-gateway-register-on-prem-mcp-servers assembly,
Configure,91,Connecting MCP servers to the gateway,"When I have MCP servers, I want to register them with the MCP gateway, so I can enable the discovery of their tools and prompts.",,full,modules/proc-mcp-gateway-register-mcp-server.adoc,full,from mcp-gateway-register-on-prem-mcp-servers assembly,
Configure,92,Understand MCP server registration,"When I need to register MCP servers, I want to understand how registration, prefixing, and routing work, so I can plan my server topology correctly.",,full,modules/con-mcp-gateway-register-mcp-server.adoc,full,from mcp-gateway-register-on-prem-mcp-servers assembly,
Configure,92,Understand MCP server registration,"When I need to register MCP servers, I want to understand how registration, prefixing, and routing work, so I can plan my server topology correctly.",,full,modules/ref-mcp-gateway-mcpserverregistration-cr.adoc,full,from mcp-gateway-register-on-prem-mcp-servers assembly,
Configure,93,Register an MCP server for use with the MCP gateway,"When I have an on-prem MCP server, I want to create HTTPRoute and MCPServerRegistration CRs, so I can connect the server to the gateway.",,full,modules/proc-mcp-gateway-register-mcp-server.adoc,full,from mcp-gateway-register-on-prem-mcp-servers assembly,
Configure,95,Verify an MCP server registration,"When I have registered an MCP server, I want to verify that tools and prompts are available through the gateway, so I can confirm the registration succeeded.",,full,modules/proc-mcp-gateway-verify-mcp-server-registration.adoc,full,from mcp-gateway-register-on-prem-mcp-servers assembly,
Configure,96,Register external MCP servers,"When I have external MCP servers, I want to register them with the MCP gateway through Istio ingress, so I can route AI agent traffic to external services securely.",,full,modules/proc-register-ext-mcp-server-ingress.adoc,full,from mcp-gateway-register-ext-mcp-servers assembly,
Configure,96,Register external MCP servers,"When I have external MCP servers, I want to register them with the MCP gateway through Istio ingress, so I can route AI agent traffic to external services securely.",,full,modules/proc-register-ext-mcp-server-httproute.adoc,full,from mcp-gateway-register-ext-mcp-servers assembly,
Configure,96,Register external MCP servers,"When I have external MCP servers, I want to register them with the MCP gateway through Istio ingress, so I can route AI agent traffic to external services securely.",,full,modules/proc-register-ext-mcp-server-mcpserverregistration.adoc,full,from mcp-gateway-register-ext-mcp-servers assembly,
Configure,97,Create a ServiceEntry for an external MCP server,"When I need to connect to an external MCP server, I want to create a ServiceEntry CR, so I can establish an ingress pathway through Istio.",,full,modules/proc-register-ext-mcp-server-ingress.adoc,full,from mcp-gateway-register-ext-mcp-servers assembly,
Configure,99,Create an HTTPRoute for an external MCP server,"When I need to route traffic to an external MCP server, I want to create an HTTPRoute CR with URL rewriting, so I can map internal hostnames to external services.",,full,modules/proc-register-ext-mcp-server-httproute.adoc,full,from mcp-gateway-register-ext-mcp-servers assembly,
Configure,102,Create an MCPServerRegistration for an external MCP server,"When I have configured ingress and credentials for an external MCP server, I want to create an MCPServerRegistration CR, so I can register the external server with the gateway.",,full,modules/proc-register-ext-mcp-server-mcpserverregistration.adoc,full,from mcp-gateway-register-ext-mcp-servers assembly,
Configure,103,Verify that your external MCP server is ready to use,"When I have registered an external MCP server, I want to verify its status, so I can confirm the server is ready and tools are discovered.",,full,modules/proc-register-ext-mcp-server-verify.adoc,full,from mcp-gateway-register-ext-mcp-servers assembly,
Configure,104,Create virtual MCP servers,"When I have multiple registered MCP servers, I want to create virtual MCP servers, so I can curate focused tool and prompt collections for specific use cases.",,full,modules/proc-mcp-gateway-create-virt-mcp-server.adoc,full,from mcp-gateway-create-virtual-mcp-servers assembly,
Configure,105,Virtual MCP servers,"When I am planning tool organization, I want to understand virtual MCP servers, so I can decide how to group tools and prompts for different use cases.",,full,modules/con-register-virt-mcp-server.adoc,full,from mcp-gateway-create-virtual-mcp-servers assembly,
Configure,106,Virtual MCP servers authorization and filtering,"When I have both authentication and virtual MCP servers configured, I want to understand how filters interact, so I can predict which tools users see.",,full,modules/con-virt-mcp-server-auth-tool-filtering.adoc,full,from mcp-gateway-create-virtual-mcp-servers assembly,
Configure,107,Create virtual MCP servers,"When I need to curate tool collections, I want to create MCPVirtualServer CRs, so I can expose specific tools and prompts to different clients.",,full,modules/proc-mcp-gateway-create-virt-mcp-server.adoc,full,from mcp-gateway-create-virtual-mcp-servers assembly,
Configure,108,Verify virtual MCP servers,"When I have created virtual MCP servers, I want to verify they return the correct tools and prompts, so I can confirm the curation is accurate.",,full,modules/proc-verify-virt-mcp-server.adoc,full,from mcp-gateway-create-virtual-mcp-servers assembly,
Configure,128,Connect and route traffic across multi-cloud environments,"When deploying applications across multiple clusters or clouds, I want to automate traffic routing and failover, so I can ensure high availability and prevent downtime.",,partial,modules/proc-set-dns-policy.adoc,full,from deployment assembly,Some aspects of the job may lack dedicated documentation
Configure,128,Connect and route traffic across multi-cloud environments,"When deploying applications across multiple clusters or clouds, I want to automate traffic routing and failover, so I can ensure high availability and prevent downtime.",,partial,modules/con-connectivity-link-platform-eng-work.adoc,partial,Multicluster platform workflow,Some aspects of the job may lack dedicated documentation
Configure,128,Connect and route traffic across multi-cloud environments,"When deploying applications across multiple clusters or clouds, I want to automate traffic routing and failover, so I can ensure high availability and prevent downtime.",,partial,modules/proc-use-coredns-multicluster.adoc,partial,On-prem multicluster DNS,Some aspects of the job may lack dedicated documentation
Configure,137,Configure per-user or per-consumer rate limiting,"When I need to enforce fair usage or billing limits per API consumer, I want to configure RateLimitPolicy with user identity as the counter key, so I can apply individual rate limits rather than a single global limit.",,partial,modules/proc-app-dev-override-rlp.adoc,partial,Per-user override exists but not per-consumer counter key configuration,NEW job; Some aspects of the job may lack dedicated documentation
Configure,137,Configure per-user or per-consumer rate limiting,"When I need to enforce fair usage or billing limits per API consumer, I want to configure RateLimitPolicy with user identity as the counter key, so I can apply individual rate limits rather than a single global limit.",,partial,modules/proc-set-default-rate-limit-policy.adoc,partial,Global rate limit only,NEW job; Some aspects of the job may lack dedicated documentation
Configure,146,Configure DNS for hybrid or on-premises environments with an external load balancer,"When my on-premises gateway is exposed through an external load balancer such as F5 or HAProxy that Connectivity Link cannot discover automatically, I want to understand the recommended DNS management approach, so I can publish correct records for external client traffic.",,partial,modules/con-mcp-gateway-dns-management.adoc,partial,Covers MetalLB/manual DNS; limited guidance for external LB discovery gaps (F5/HAProxy),NEW job; Some aspects of the job may lack dedicated documentation
Configure,147,Configure custom error responses,"When my APIs return authentication, authorization, or rate limit errors, I want to configure custom JSON error response bodies and headers in my AuthPolicy or RateLimitPolicy, so I can provide meaningful error messages to API consumers instead of default gateway responses.",,gap,,gap,No existing module covers this job,NEW job
Develop,85,Manage and share internal APIs,"When building services that other teams need to use, I want to publish them in a self-service catalog with clear access controls, so I can easily share capabilities while maintaining governance.",,partial,modules/con-rhcl-api-management-console-pages.adoc,full,from rhcl-api-management assembly,Some aspects of the job may lack dedicated documentation
Develop,85,Manage and share internal APIs,"When building services that other teams need to use, I want to publish them in a self-service catalog with clear access controls, so I can easily share capabilities while maintaining governance.",,partial,modules/proc-rhcl-publish-api-for-consumers.adoc,partial,Publishing workflow,Some aspects of the job may lack dedicated documentation
Develop,86,API management role-based-access reference,"When I need to configure access control for API management users, I want to understand the predefined cluster roles and binding requirements, so I can assign the right permissions to API consumers, owners, and administrators.",,partial,modules/ref-rhcl-api-management-rbac.adoc,full,from rhcl-api-management assembly,Some aspects of the job may lack dedicated documentation
Develop,86,API management role-based-access reference,"When I need to configure access control for API management users, I want to understand the predefined cluster roles and binding requirements, so I can assign the right permissions to API consumers, owners, and administrators.",,partial,modules/ref-rhcl-api-crds.adoc,partial,from rhcl-api-management assembly,Some aspects of the job may lack dedicated documentation
Develop,86,API management role-based-access reference,"When I need to configure access control for API management users, I want to understand the predefined cluster roles and binding requirements, so I can assign the right permissions to API consumers, owners, and administrators.",,partial,modules/ref-rhcl-api-management-auth-methods.adoc,partial,from rhcl-api-management assembly,Some aspects of the job may lack dedicated documentation
Develop,87,Control who can access your published API,"When developers request access to my API, I want to review their use cases and approve or reject requests, so I can ensure only legitimate consumers with valid business needs access my API.",,full,modules/proc-rhcl-manage-api-access-requests.adoc,full,from rhcl-api-management assembly,
Develop,88,"Create, share, and consume APIs across teams","When I need to make internal APIs discoverable and control access, I want to publish API products in a self-service catalog, so developers can discover APIs, request access, and receive credentials.",,full,modules/con-rhcl-api-management-console-pages.adoc,full,from rhcl-api-management assembly,
Develop,88,"Create, share, and consume APIs across teams","When I need to make internal APIs discoverable and control access, I want to publish API products in a self-service catalog, so developers can discover APIs, request access, and receive credentials.",,full,modules/proc-rhcl-publish-api-for-consumers.adoc,full,from rhcl-api-management assembly,
Develop,88,"Create, share, and consume APIs across teams","When I need to make internal APIs discoverable and control access, I want to publish API products in a self-service catalog, so developers can discover APIs, request access, and receive credentials.",,full,modules/proc-rhcl-access-published-api.adoc,full,from rhcl-api-management assembly,
Develop,89,Publishing an API for other teams to discover and consume,"When I have an internal API that other teams need, I want to publish it as an API product in the self-service catalog, so developers from other teams can discover it, understand how to use it, and request access.",,full,modules/proc-rhcl-publish-api-for-consumers.adoc,full,from rhcl-api-management assembly,
Develop,90,Integrate with an API published by another team,"When I need to call an API owned by another team, I want to browse the catalog, request access, and retrieve credentials, so I can authenticate my application and integrate with the service.",,full,modules/proc-rhcl-access-published-api.adoc,full,from rhcl-api-management assembly,
Develop,150,Configure multi-tenant RBAC for the Connectivity Link console plugin,"When multiple teams share a cluster and each needs to manage their own gateways and policies through the console plugin, I want to configure RBAC so users can only view and manage resources in their own namespaces, so I can enable self-service API management without granting cluster-wide permissions.",Configure,partial,modules/ref-rhdh-plugin-rbac.adoc,partial,from rhdh-plugin-installation assembly,NEW job; Some aspects of the job may lack dedicated documentation
Develop,150,Configure multi-tenant RBAC for the Connectivity Link console plugin,"When multiple teams share a cluster and each needs to manage their own gateways and policies through the console plugin, I want to configure RBAC so users can only view and manage resources in their own namespaces, so I can enable self-service API management without granting cluster-wide permissions.",Configure,partial,modules/proc-rhdh-plugin-rbac-customizing.adoc,partial,RHDH plugin RBAC; OCP console plugin RBAC not fully covered,NEW job; Some aspects of the job may lack dedicated documentation
Develop,150,Configure multi-tenant RBAC for the Connectivity Link console plugin,"When multiple teams share a cluster and each needs to manage their own gateways and policies through the console plugin, I want to configure RBAC so users can only view and manage resources in their own namespaces, so I can enable self-service API management without granting cluster-wide permissions.",Configure,partial,modules/proc-rhcl-enable-console-plugin.adoc,partial,Console plugin enablement only,NEW job; Some aspects of the job may lack dedicated documentation
Discover,1,Understanding Connectivity Link,"When I am evaluating API gateway solutions for OpenShift, I want to understand what Red Hat Connectivity Link is and what it does, so I can determine if it meets my organization's needs.",,full,modules/con-about-connectivity-link.adoc,full,from rhcl-introduction assembly,
Discover,2,Connectivity Link architecture,"When I am learning about Connectivity Link architecture, I want to understand its capabilities so that I can plan my deployment.",,partial,modules/con-about-connectivity-link.adoc,partial,High-level overview; no dedicated architecture module,Some aspects of the job may lack dedicated documentation
Discover,2,Connectivity Link architecture,"When I am learning about Connectivity Link architecture, I want to understand its capabilities so that I can plan my deployment.",,partial,modules/con-connectivity-link-platform-eng-work.adoc,partial,from deployment assembly,Some aspects of the job may lack dedicated documentation
Discover,2,Connectivity Link architecture,"When I am learning about Connectivity Link architecture, I want to understand its capabilities so that I can plan my deployment.",,partial,modules/con-connectivity-link-app-dev-work.adoc,partial,from connect-secure-apis-services assembly,Some aspects of the job may lack dedicated documentation
Discover,3,MCP gateway architecture,"When I am planning to deploy the MCP gateway, I want to understand the architectural design and its relationship to Envoy, Gateway API, and Istio, so I can assess how it integrates with my existing OpenShift infrastructure.",,full,modules/con-about-mcp-gateway.adoc,full,from mcp-gateway-introduction assembly,
Discover,3,MCP gateway architecture,"When I am planning to deploy the MCP gateway, I want to understand the architectural design and its relationship to Envoy, Gateway API, and Istio, so I can assess how it integrates with my existing OpenShift infrastructure.",,full,modules/con-mcp-gateway-architecture.adoc,full,from mcp-gateway-introduction assembly,
Discover,3,MCP gateway architecture,"When I am planning to deploy the MCP gateway, I want to understand the architectural design and its relationship to Envoy, Gateway API, and Istio, so I can assess how it integrates with my existing OpenShift infrastructure.",,full,modules/con-mcp-gateway-arch-components.adoc,full,from mcp-gateway-introduction assembly,
Install,5,Install Connectivity Link,"When I need to deploy Connectivity Link on OpenShift, I want to install the Operator and create the Kuadrant CR, so I can manage API traffic policies across my clusters.",,partial,modules/con-install-getting-ready.adoc,full,from install-guide assembly,Some aspects of the job may lack dedicated documentation
Install,5,Install Connectivity Link,"When I need to deploy Connectivity Link on OpenShift, I want to install the Operator and create the Kuadrant CR, so I can manage API traffic policies across my clusters.",,partial,modules/proc-install-on-openshift-cli-cio.adoc,full,from install-guide assembly,Some aspects of the job may lack dedicated documentation
Install,5,Install Connectivity Link,"When I need to deploy Connectivity Link on OpenShift, I want to install the Operator and create the Kuadrant CR, so I can manage API traffic policies across my clusters.",,partial,modules/proc-set-up-environment.adoc,partial,from deployment assembly,Some aspects of the job may lack dedicated documentation
Install,5,Install Connectivity Link,"When I need to deploy Connectivity Link on OpenShift, I want to install the Operator and create the Kuadrant CR, so I can manage API traffic policies across my clusters.",,partial,modules/con-connectivity-link-platform-eng-work.adoc,partial,Post-install platform workflow overview,Some aspects of the job may lack dedicated documentation
Install,8,Install Connectivity Link with the OpenShift web console,"When I prefer a graphical interface for installation, I want to install Connectivity Link through the OpenShift web console, so I can deploy Connectivity Link without using the CLI.",,full,modules/proc-install-in-openshift-web-console.adoc,full,from install-guide assembly,
Install,9,Install Connectivity Link on OpenShift from the command line,"When I need to automate or script the installation, I want to install Connectivity Link from the CLI, so I can deploy consistently across multiple clusters.",,full,modules/proc-install-on-openshift-cli-cio.adoc,full,from install-guide assembly,
Install,10,Install Connectivity Link on OpenShift from the CLI with Istio as Gateway controller,"When I am using OpenShift Service Mesh with Istio, I want to install Connectivity Link with Istio as the Gateway controller, so I can integrate with my existing service mesh infrastructure.",,full,modules/proc-install-on-ocp-cli-istio.adoc,full,from install-guide assembly,
Install,17,Install Connectivity Link in a disconnected environment,"When I operate in an air-gapped or restricted network, I want to install Connectivity Link in a disconnected environment, so I can use API traffic management in my secure, isolated clusters.",,full,modules/con-rhcl-install-disconnected.adoc,full,from rhcl-install-disconnected assembly,
Install,18,Mirror the Connectivity Link Operator catalog,"When I am preparing a disconnected installation, I want to mirror the Red Hat Operator catalog to my internal registry, so I can make Connectivity Link images available in my isolated environment.",,full,modules/proc-rhcl-disconnected-mirror-catalog.adoc,full,from rhcl-install-disconnected assembly,
Install,44,Install MCP gateway,"When I need to enable agentic AI systems to communicate through a centralized MCP protocol gateway, I want to install and configure the MCP gateway on OpenShift, so I can manage MCP server connections, routing, and security from a single control plane.",,partial,modules/proc-mcp-gateway-install-olm.adoc,full,from mcp-gateway-install assembly,Some aspects of the job may lack dedicated documentation
Install,44,Install MCP gateway,"When I need to enable agentic AI systems to communicate through a centralized MCP protocol gateway, I want to install and configure the MCP gateway on OpenShift, so I can manage MCP server connections, routing, and security from a single control plane.",,partial,modules/proc-config-mcp-gateway-gateway.adoc,partial,Gateway creation step,Some aspects of the job may lack dedicated documentation
Install,44,Install MCP gateway,"When I need to enable agentic AI systems to communicate through a centralized MCP protocol gateway, I want to install and configure the MCP gateway on OpenShift, so I can manage MCP server connections, routing, and security from a single control plane.",,partial,modules/proc-config-mcp-gateway-listener.adoc,partial,Listener configuration step,Some aspects of the job may lack dedicated documentation
Install,44,Install MCP gateway,"When I need to enable agentic AI systems to communicate through a centralized MCP protocol gateway, I want to install and configure the MCP gateway on OpenShift, so I can manage MCP server connections, routing, and security from a single control plane.",,partial,modules/proc-mcp-gateway-install-olm-ext-cr.adoc,partial,Extension CR application,Some aspects of the job may lack dedicated documentation
Install,45,Install the MCP gateway with OLM,"When I am setting up the MCP gateway for the first time, I want to install the MCP gateway Operator using OLM with the CLI, so I can deploy the controller that manages MCP gateway instances.",,full,modules/proc-mcp-gateway-install-olm.adoc,full,from mcp-gateway-install assembly,
Install,49,Apply the MCPGatewayExtension custom resource,"When I have configured my Gateway and listeners, I want to apply an MCPGatewayExtension CR, so I can deploy the MCP gateway broker and automatically create the HTTPRoute and Envoy filter needed for MCP traffic routing.",,full,modules/proc-mcp-gateway-install-olm-ext-cr.adoc,full,from mcp-gateway-install assembly,
Install,55,Verify that an MCP endpoint is accessible through your MCP gateway,"When I have completed the MCP gateway installation and configuration, I want to verify that the MCP endpoint is accessible, so I can confirm end-to-end connectivity before registering MCP servers.",,full,modules/proc-mcp-gateway-config-verify.adoc,full,from mcp-gateway-install assembly,
Install,140,Set up Connectivity Link across multiple clusters,"When I want to manage API policies across multiple clusters from a single control plane, I want to configure the multi-cluster topology with a hub cluster and managed clusters, so I can apply consistent gateway policies across my fleet.",,partial,modules/con-connectivity-link-platform-eng-work.adoc,partial,Mentions multicluster but no hub/spoke topology procedure,NEW job; Some aspects of the job may lack dedicated documentation
Install,140,Set up Connectivity Link across multiple clusters,"When I want to manage API policies across multiple clusters from a single control plane, I want to configure the multi-cluster topology with a hub cluster and managed clusters, so I can apply consistent gateway policies across my fleet.",,partial,modules/proc-set-dns-policy.adoc,partial,DNS policy for multicluster ingress,NEW job; Some aspects of the job may lack dedicated documentation
Install,143,Expose the gateway without MetalLB on bare metal or on-premises,"When I am running Connectivity Link on bare metal or an on-premises cluster without MetalLB, I want to expose the gateway using a ClusterIP service and OCP Routes, so I can route external traffic to my gateway without requiring a cloud-native LoadBalancer service.",,partial,modules/con-mcp-gateway-dns-management.adoc,partial,Covers MetalLB approach; no ClusterIP/OCP Routes alternative documented,NEW job; Some aspects of the job may lack dedicated documentation
Install,149,Install Connectivity Link on a single-node OpenShift cluster,"When I am evaluating or demonstrating Connectivity Link on a single-node OpenShift cluster, I want to install and configure RHCL in a minimal SNO environment, so I can run proof-of-concept or homelab deployments without a full multi-node cluster.",Install,gap,,gap,No existing module covers this job,NEW job
Observe,57,Connectivity Link observability,"When I am running gateways, applications, and APIs on OpenShift, I want to observe and monitor their behavior, so I can ensure they are performing correctly and detect issues early.",,full,modules/con-connectivity-link-observability.adoc,full,from observability assembly,
Observe,58,Configure your observability monitoring stack,"When I want to set up monitoring for my Connectivity Link deployment, I want to configure my observability monitoring stack with dashboards and alerts, so I can gain insight into my gateways, applications, and APIs.",,full,modules/proc-configure-obs-monitoring.adoc,full,from observability assembly,
Observe,59,Enable observability monitoring in Connectivity Link,"When I have configured my monitoring stack, I want to enable observability monitoring in Connectivity Link, so I can expose metrics endpoints and deploy monitoring resources automatically.",,full,modules/proc-enable-obs-monitor.adoc,full,from observability assembly,
Observe,60,Configure observability dashboards and alerts,"When I need to visualize and alert on Connectivity Link metrics, I want to configure observability dashboards and alerts, so I can monitor platform health for different personas and use cases.",,partial,modules/con-about-configuring-observability-dashboards.adoc,full,from observability assembly,Some aspects of the job may lack dedicated documentation
Observe,60,Configure observability dashboards and alerts,"When I need to visualize and alert on Connectivity Link metrics, I want to configure observability dashboards and alerts, so I can monitor platform health for different personas and use cases.",,partial,modules/ref-configure-prometheus-alerts.adoc,partial,Alert configuration reference,Some aspects of the job may lack dedicated documentation
Observe,61,Import dashboards in Grafana,"When I need to set up Grafana dashboards quickly, I want to import pre-built dashboards into Grafana, so I can start monitoring without building dashboards from scratch.",,full,modules/proc-import-dashboards-grafana.adoc,full,from observability assembly,
Observe,62,Import dashboards automatically in OpenShift,"When I want consistent and version-controlled dashboards across clusters, I want to automate dashboard provisioning in OpenShift, so I can maintain monitoring-as-code and support multi-tenancy.",,full,modules/con-about-import-dashboard-auto-ocp.adoc,full,from observability assembly,
Observe,63,Configure Prometheus alerts,"When I need proactive incident detection for my APIs, I want to configure Prometheus alerts with appropriate thresholds, so I can detect platform stability issues and SLO violations automatically.",,full,modules/ref-configure-prometheus-alerts.adoc,full,from observability assembly,
Observe,64,Tracing in Connectivity Link,"When I need to debug request-level issues or understand operator performance, I want to configure and use distributed tracing in Connectivity Link, so I can trace requests through the gateway and policy enforcement components.",,full,modules/con-obs-about-tracing.adoc,full,from observability assembly,
Observe,65,Control-plane tracing environment variables,"When I need to trace control-plane operations, I want to set OpenTelemetry environment variables for the Connectivity Link operator, so I can observe reconciliation loops and policy lifecycle events.",,full,modules/ref-obs-control-plane-tracing-env-variables.adoc,full,from observability assembly,
Observe,66,Configure data plane tracing in Connectivity Link,"When I need to trace user requests through the gateway, I want to configure data-plane tracing with OpenTelemetry in Service Mesh and the Kuadrant CR, so I can see request flows through Istio, Authorino, Limitador, and the wasm-shim.",,full,modules/proc-configure-obs-data-plane-tracing.adoc,full,from observability assembly,
Observe,66,Configure data plane tracing in Connectivity Link,"When I need to trace user requests through the gateway, I want to configure data-plane tracing with OpenTelemetry in Service Mesh and the Kuadrant CR, so I can see request flows through Istio, Authorino, Limitador, and the wasm-shim.",,full,modules/ref-obs-data-plane-tracing-config-fields.adoc,full,from observability assembly,
Observe,68,View rate-limit logging with trace IDs,"When I am troubleshooting rate limiting behavior, I want to enable request logging with trace IDs in Limitador, so I can correlate rate-limit decisions with the broader request trace.",,full,modules/proc-viewing-rate-limit-trace-IDs.adoc,full,from observability assembly,
Observe,70,Filter access logs,"When I am receiving excessive access log messages, I want to filter access logs to focus on relevant errors and routes, so I can reduce noise and find issues faster.",,full,modules/proc-obs-filter-access-logs.adoc,full,from observability assembly,
Observe,72,Use access logs for request correlation,"When I need to correlate requests across gateways and backend services, I want to use access logs with x-request-id headers for request correlation, so I can trace a single request journey across all components.",,full,modules/con-obs-access-logs-correlation.adoc,full,from observability assembly,
Observe,73,Set up access log and tracing correlation,"When I want end-to-end request visibility, I want to set up access log and tracing correlation using x-request-id, so I can search for a single ID and see the entire request journey from gateway to backend.",,partial,modules/proc-obs-access-logs-correlation.adoc,full,from observability assembly,Some aspects of the job may lack dedicated documentation
Observe,73,Set up access log and tracing correlation,"When I want end-to-end request visibility, I want to set up access log and tracing correlation using x-request-id, so I can search for a single ID and see the entire request journey from gateway to backend.",,partial,modules/con-obs-access-logs-correlation.adoc,partial,Concept module,Some aspects of the job may lack dedicated documentation
Observe,74,Observe MCP gateway connections,"When I am running an MCP gateway, I want to observe MCP gateway connections, so I can debug silent failures, track latencies, and maintain an audit trail.",,partial,modules/proc-mcp-gateway-otel.adoc,full,from mcp-gateway-observe assembly,Some aspects of the job may lack dedicated documentation
Observe,74,Observe MCP gateway connections,"When I am running an MCP gateway, I want to observe MCP gateway connections, so I can debug silent failures, track latencies, and maintain an audit trail.",,partial,modules/ref-mcp-gateway-router-spans.adoc,partial,Router spans detail,Some aspects of the job may lack dedicated documentation
Observe,75,Enable Red Hat build of OpenTelemetry for the MCP gateway,"When I need consistent logging, tracing, and metrics for my MCP gateway, I want to enable Red Hat build of OpenTelemetry, so I can discover errors, understand request flows, and examine tool call patterns across MCP components.",,full,modules/proc-mcp-gateway-otel.adoc,full,from mcp-gateway-observe assembly,
Observe,77,Understand an MCP gateway audit trail,"When I need compliance and accountability for MCP tool calls, I want to configure an MCP gateway audit trail, so I can discover who called what tool, on which server, during which session, and when.",,full,modules/con-mcp-gateway-audit-trail.adoc,full,from mcp-gateway-observe assembly,
Observe,80,Add a custom audit log provider,"When I need JSON-formatted audit logs with MCP context, I want to add a custom access log provider to Istio's MeshConfig, so I can capture MCP routing headers and identity information in structured log entries.",,full,modules/proc-mcp-gateway-add-custom-audit-log-provider.adoc,full,from mcp-gateway-observe assembly,
Observe,81,Create a Telemetry custom resource for audit logs,"When I have added a custom audit log provider, I want to create a Telemetry CR scoped to my MCP gateway pods, so I can enable the structured access logs on only the Gateway workload without affecting other mesh workloads.",,full,modules/proc-mcp-gateway-create-telemetry-cr-audit-logs.adoc,full,from mcp-gateway-observe assembly,
Observe,81,Create a Telemetry custom resource for audit logs,"When I have added a custom audit log provider, I want to create a Telemetry CR scoped to my MCP gateway pods, so I can enable the structured access logs on only the Gateway workload without affecting other mesh workloads.",,partial,modules/proc-mcp-gateway-verify-audit-trail.adoc,full,from mcp-gateway-observe assembly,Some aspects of the job may lack dedicated documentation
Observe,81,Create a Telemetry custom resource for audit logs,"When I have added a custom audit log provider, I want to create a Telemetry CR scoped to my MCP gateway pods, so I can enable the structured access logs on only the Gateway workload without affecting other mesh workloads.",,partial,modules/proc-mcp-gateway-create-telemetry-cr-audit-logs.adoc,partial,Telemetry CR setup referenced in job statement,Some aspects of the job may lack dedicated documentation
Observe,84,Use an audit trail without authentication,"When I do not have an authentication layer configured, I want to understand how audit trails work without authentication, so I can still get useful audit context from routing headers even without user identity.",,full,modules/con-mcp-gateway-audit-trail-no-auth.adoc,full,from mcp-gateway-observe assembly,
Plan,4,Praxis architecture,"When I am planning to deploy the Praxis gateway, I want to understand the architectural design and its relationship to Gateway API and Istio, so I can assess how it integrates with my existing OpenShift infrastructure.",,gap,,gap,No existing module covers this job,
Plan,6,Plan the installation,"When I am planning a Connectivity Link deployment, I want to verify platform requirements and understand the requirements, so I can ensure a successful installation.",,partial,modules/con-install-getting-ready.adoc,full,from install-guide assembly,Some aspects of the job may lack dedicated documentation
Plan,6,Plan the installation,"When I am planning a Connectivity Link deployment, I want to verify platform requirements and understand the requirements, so I can ensure a successful installation.",,partial,modules/con-supported-configs.adoc,partial,Platform requirements section,Some aspects of the job may lack dedicated documentation
Plan,7,Supported configurations with Connectivity Link,"When I am evaluating Connectivity Link for my environment, I want to review supported platform and component versions, so I can confirm my configuration is supported.",,full,modules/con-supported-configs.adoc,full,from rhcl-introduction assembly,
Plan,48,Understand the MCPGatewayExtension custom resource,"When I need to plan my MCP gateway deployments, I want to understand the MCPGatewayExtension CR and its capabilities, so I can design multi-instance deployments with proper isolation and routing.",,partial,modules/con-mcp-gateway-install-olm-ext-cr.adoc,full,from mcp-gateway-install assembly,Some aspects of the job may lack dedicated documentation
Plan,48,Understand the MCPGatewayExtension custom resource,"When I need to plan my MCP gateway deployments, I want to understand the MCPGatewayExtension CR and its capabilities, so I can design multi-instance deployments with proper isolation and routing.",,partial,modules/ref-mcp-gateway-install-gateway-ext-api.adoc,partial,API reference complements concept,Some aspects of the job may lack dedicated documentation
Plan,53,DNS management with the MCP gateway,"When I need to make my MCP gateway reachable, I want to understand the DNS management options, so I can choose the right approach for my environment.",,full,modules/con-mcp-gateway-dns-management.adoc,full,from mcp-gateway-install assembly,
Plan,138,Understand policy target hierarchy and precedence,"When I have policies attached at both the Gateway and HTTPRoute levels, I want to understand how policy inheritance and precedence work, so I can predict which policy rules are enforced for each request.",,partial,modules/con-about-config-gateway-policies.adoc,partial,Mentions policy attachment levels but not full precedence hierarchy,NEW job; Some aspects of the job may lack dedicated documentation
Plan,144,Migrate from 3scale to Connectivity Link,"When I have an existing 3scale API Management deployment, I want to understand how to replicate my policies, API definitions, and rate limiting rules in Connectivity Link, so I can migrate without disrupting existing API consumers.",,gap,,gap,No existing module covers this job,NEW job
Reference,23,Supported OpenShift version configurations,"When I need to verify OpenShift compatibility, I want to check the supported version matrix, so I can confirm my cluster version works with my chosen Connectivity Link version.",,full,modules/con-supported-configs.adoc,full,Supported OpenShift version configurations section,
Reference,24,Supported Operators,"When I need to verify Operator compatibility, I want to check the supported Operator versions, so I can confirm Service Mesh and cert-manager versions align with my Connectivity Link version.",,full,modules/con-supported-configs.adoc,full,Supported Operators section,
Reference,25,Supported cloud and DNS providers,"When I am selecting cloud infrastructure, I want to review supported cloud and DNS providers, so I can choose a platform that is fully supported for Connectivity Link.",,full,modules/con-supported-configs.adoc,full,Supported cloud and DNS providers section,
Reference,26,Supported data stores and identity access management,"When I am planning rate limiting and authentication, I want to review supported data stores and identity providers, so I can select compatible components for my environment.",,full,modules/con-supported-configs.adoc,full,Supported data stores and IAM section,
Reference,50,The MCPGatewayExtension custom resource API reference,"When I am configuring or troubleshooting an MCPGatewayExtension CR, I want to look up the API fields and their descriptions, so I can correctly set parameters for target references, session storage, trusted headers, and route management.",,full,modules/ref-mcp-gateway-install-gateway-ext-api.adoc,full,from mcp-gateway-install assembly,
Reference,51,Automatically created HTTPRoute example,"When I want to understand the default routing behavior, I want to review the automatically generated HTTPRoute CR example, so I can verify the route configuration or plan customizations.",,full,modules/ref-mcp-gateway-auto-route.adoc,full,from mcp-gateway-install assembly,
Reference,71,Common access log format variables,"When I am customizing access log output, I want to reference common Envoy log format variables, so I can configure logs to capture exactly the data I need.",,full,modules/ref-obs-common-access-log-format-variables.adoc,full,from observability assembly,
Reference,76,MCP gateway router spans for observability,"When I need to understand MCP request flows in detail, I want to reference the router spans and attributes emitted by the MCP gateway, so I can identify bottlenecks and conduct root-cause analysis.",,full,modules/ref-mcp-gateway-router-spans.adoc,full,from mcp-gateway-observe assembly,
Reference,83,Custom audit log provider fields,"When I need to understand the audit log format, I want to reference the custom audit log provider field descriptions, so I can interpret log entries and configure log analysis tools correctly.",,full,modules/ref-mcp-gateway-audit-log-fields.adoc,full,from mcp-gateway-observe assembly,
Reference,94,Understand the MCPServerRegistration custom resource,"When I am creating an MCPServerRegistration CR, I want to understand all available fields and their requirements, so I can configure the CR correctly.",,full,modules/ref-mcp-gateway-mcpserverregistration-cr.adoc,full,from mcp-gateway-register-on-prem-mcp-servers assembly,
Reference,124,Parameter values for a single-server-scoped AuthPolicy CR,"When I am configuring a Vault AuthPolicy CR, I want to understand all parameter values, so I can correctly set up the credential retrieval chain.",,full,modules/ref-mcp-gateway-vault-single-server-auth-policy.adoc,full,from mcp-gateway-vault assembly,
Secure,28,"Secure, protect, and connect APIs","When I am exposing applications to consumers, I want to securely connect and protect my APIs, so I can ensure only authorized traffic reaches my services without overloading my backend infrastructure.",,partial,modules/con-connectivity-link-app-dev-work.adoc,full,from connect-secure-apis-services assembly,Some aspects of the job may lack dedicated documentation
Secure,28,"Secure, protect, and connect APIs","When I am exposing applications to consumers, I want to securely connect and protect my APIs, so I can ensure only authorized traffic reaches my services without overloading my backend infrastructure.",,partial,modules/proc-allow-api-access.adoc,full,from connect-secure-apis-services assembly,Some aspects of the job may lack dedicated documentation
Secure,28,"Secure, protect, and connect APIs","When I am exposing applications to consumers, I want to securely connect and protect my APIs, so I can ensure only authorized traffic reaches my services without overloading my backend infrastructure.",,partial,modules/proc-set-default-auth-policy.adoc,full,from deployment assembly,Some aspects of the job may lack dedicated documentation
Secure,28,"Secure, protect, and connect APIs","When I am exposing applications to consumers, I want to securely connect and protect my APIs, so I can ensure only authorized traffic reaches my services without overloading my backend infrastructure.",,partial,modules/proc-set-default-rate-limit-policy.adoc,full,from deployment assembly,Some aspects of the job may lack dedicated documentation
Secure,28,"Secure, protect, and connect APIs","When I am exposing applications to consumers, I want to securely connect and protect my APIs, so I can ensure only authorized traffic reaches my services without overloading my backend infrastructure.",,partial,modules/proc-set-tls-policy.adoc,full,from deployment assembly,Some aspects of the job may lack dedicated documentation
Secure,28,"Secure, protect, and connect APIs","When I am exposing applications to consumers, I want to securely connect and protect my APIs, so I can ensure only authorized traffic reaches my services without overloading my backend infrastructure.",,partial,modules/proc-create-gateway.adoc,partial,from deployment assembly,Some aspects of the job may lack dedicated documentation
Secure,28,"Secure, protect, and connect APIs","When I am exposing applications to consumers, I want to securely connect and protect my APIs, so I can ensure only authorized traffic reaches my services without overloading my backend infrastructure.",,partial,modules/proc-set-up-dns-provider-secret.adoc,partial,from deployment assembly,Some aspects of the job may lack dedicated documentation
Secure,28,"Secure, protect, and connect APIs","When I am exposing applications to consumers, I want to securely connect and protect my APIs, so I can ensure only authorized traffic reaches my services without overloading my backend infrastructure.",,partial,modules/proc-set-up-tls-issuer.adoc,partial,from deployment assembly,Some aspects of the job may lack dedicated documentation
Secure,30,Encrypt gateway connections,"When I expose services over a network, I want to automatically provision and manage TLS certificates, so I can secure communication and protect data in transit.",,full,modules/proc-set-tls-policy.adoc,full,from deployment assembly,
Secure,32,Establish zero-trust access,"When I secure my platform, I want to enforce a default deny-all authentication baseline, so I can protect unexposed endpoints from unauthorized access",,partial,modules/proc-set-default-auth-policy.adoc,full,from deployment assembly,Some aspects of the job may lack dedicated documentation
Secure,32,Establish zero-trust access,"When I secure my platform, I want to enforce a default deny-all authentication baseline, so I can protect unexposed endpoints from unauthorized access",,partial,modules/proc-allow-api-access.adoc,partial,Application-level access after default deny,Some aspects of the job may lack dedicated documentation
Secure,33,Protect services from traffic spikes,"When my APIs experience sudden high usage, I want to enforce global rate limits, so I can prevent backend service overload and maintain consistent performance.""",,partial,modules/proc-set-default-rate-limit-policy.adoc,full,from deployment assembly,Some aspects of the job may lack dedicated documentation
Secure,33,Protect services from traffic spikes,"When my APIs experience sudden high usage, I want to enforce global rate limits, so I can prevent backend service overload and maintain consistent performance.""",,partial,modules/proc-add-rate-limit-headers.adoc,partial,Response headers for rate limits,Some aspects of the job may lack dedicated documentation
Secure,35,Customize application access,"When specific users need different access levels, I want to override default global policies, so I can grant tailored access and custom rate limits for individual applications.",,full,modules/proc-app-dev-override-rlp.adoc,full,from connect-secure-apis-services assembly,
Secure,39,Verify client identities cryptographically,"When operating in a high-security environment, I want to verify client identities cryptographically, so I can ensure strict zero-trust access and meet rigorous compliance standards.",,partial,modules/con-rhcl-about-using-x509-auth.adoc,full,from rhcl-using-x509-crypt-id-verify assembly,Some aspects of the job may lack dedicated documentation
Secure,39,Verify client identities cryptographically,"When operating in a high-security environment, I want to verify client identities cryptographically, so I can ensure strict zero-trust access and meet rigorous compliance standards.",,partial,modules/proc-rhcl-x509-create-auth-policy.adoc,full,from rhcl-using-x509-crypt-id-verify assembly,Some aspects of the job may lack dedicated documentation
Secure,39,Verify client identities cryptographically,"When operating in a high-security environment, I want to verify client identities cryptographically, so I can ensure strict zero-trust access and meet rigorous compliance standards.",,partial,modules/proc-rhcl-x509-gateway-object.adoc,partial,from rhcl-using-x509-crypt-id-verify assembly,Some aspects of the job may lack dedicated documentation
Secure,39,Verify client identities cryptographically,"When operating in a high-security environment, I want to verify client identities cryptographically, so I can ensure strict zero-trust access and meet rigorous compliance standards.",,partial,modules/proc-rhcl-x509-httproute-object.adoc,partial,from rhcl-using-x509-crypt-id-verify assembly,Some aspects of the job may lack dedicated documentation
Secure,40,Establish a public key infrastructure (PKI),"When I need strong identity proof, I want to generate and manage root authorities and client certificates, so I can establish a reliable foundation for cryptographic trust.",,partial,modules/proc-rhcl-x509-auth-prep-cas-and-certs.adoc,full,from rhcl-using-x509-crypt-id-verify assembly,Some aspects of the job may lack dedicated documentation
Secure,40,Establish a public key infrastructure (PKI),"When I need strong identity proof, I want to generate and manage root authorities and client certificates, so I can establish a reliable foundation for cryptographic trust.",,partial,modules/con-rhcl-about-using-x509-auth.adoc,partial,PKI context,Some aspects of the job may lack dedicated documentation
Secure,41,Enforce mutual TLS validation,"When clients attempt to connect, I want to validate their certificates during the initial network handshake, so I can reject invalid or untrusted connections before they ever reach my application.",,full,modules/proc-rhcl-x509-create-auth-policy.adoc,full,from rhcl-using-x509-crypt-id-verify assembly,
Secure,41,Enforce mutual TLS validation,"When clients attempt to connect, I want to validate their certificates during the initial network handshake, so I can reject invalid or untrusted connections before they ever reach my application.",,full,modules/proc-rhcl-verifying-x509-auth-layer-one.adoc,full,from rhcl-using-x509-crypt-id-verify assembly,
Secure,42,Authorize access using certificate attributes,"When granting access to secure services, I want to extract identity details directly from validated certificates, so I can apply fine-grained authorization rules without relying on shared secrets or API keys.",,full,modules/proc-rhcl-x509-create-auth-policy.adoc,full,from rhcl-using-x509-crypt-id-verify assembly,
Secure,42,Authorize access using certificate attributes,"When granting access to secure services, I want to extract identity details directly from validated certificates, so I can apply fine-grained authorization rules without relying on shared secrets or API keys.",,full,modules/proc-rhcl-verifying-x509-auth-layer-two.adoc,full,from rhcl-using-x509-crypt-id-verify assembly,
Secure,98,Create TLS settings for an external MCP server,"When I have a ServiceEntry for an external MCP server, I want to configure TLS with a DestinationRule CR, so I can secure communication with the external server.",,full,modules/proc-register-ext-mcp-server-tls.adoc,full,from mcp-gateway-register-ext-mcp-servers assembly,
Secure,100,Create a Secret for an external MCP server,"When I need to authenticate to an external MCP server, I want to create a Secret CR with backend API key credentials, so I can store credentials securely for the MCP broker.",,full,modules/proc-register-ext-mcp-server-secret.adoc,full,from mcp-gateway-register-ext-mcp-servers assembly,
Secure,101,Create an AuthPolicy for an external MCP server,"When I use OAuth authentication with an external MCP server, I want to create an AuthPolicy CR, so I can pass authorization headers for secure sessions.",,full,modules/proc-register-ext-mcp-server-authpolicy.adoc,full,from mcp-gateway-register-ext-mcp-servers assembly,
Secure,110,Use authentication with MCP gateway,"When I need to secure MCP gateway access, I want to configure authentication with an identity provider, so I can ensure only authenticated users access MCP tools.",,full,modules/proc-configure-mcp-gateway-authentication.adoc,full,from mcp-gateway-authentication assembly,
Secure,111,Understand MCP gateway authentication,"When I am planning MCP gateway security, I want to understand how authentication works with OAuth 2.0 Protected Resource Metadata, so I can design my auth strategy.",,full,modules/con-mcp-gateway-authentication.adoc,full,from mcp-gateway-authentication assembly,
Secure,112,Configure MCP gateway authentication with an AuthPolicy,"When I need to enable authentication, I want to create an AuthPolicy CR with JWT validation and configure OAuth environment variables, so I can protect the MCP gateway.",,full,modules/proc-configure-mcp-gateway-authentication.adoc,full,from mcp-gateway-authentication assembly,
Secure,113,Use authorization with MCP gateway,"When I have authenticated users, I want to configure tool-level authorization, so I can control which users access specific MCP tools and prompts.",,full,modules/proc-mcp-gateway-authorization.adoc,full,from mcp-gateway-authorization assembly,
Secure,114,Understand authorization in MCP gateway,"When I am planning access control, I want to understand the authorization evaluation flow, so I can design effective role-based policies.",,full,modules/con-understanding-mcp-gateway-authorization.adoc,full,from mcp-gateway-authorization assembly,
Secure,115,Configure MCP gateway authorization with an AuthPolicy,"When I need tool-level access control, I want to create an authorization AuthPolicy CR with CEL expressions, so I can enforce role-based permissions per tool and prompt.",,full,modules/proc-mcp-gateway-authorization.adoc,full,from mcp-gateway-authorization assembly,
Secure,116,Revoke MCP server tool access,"When a user or group should no longer access specific MCP tools, I want to revoke their tool access, so I can enforce least-privilege security policies.",,full,modules/proc-mcp-gateway-revoking-tools-call-requests.adoc,full,from mcp-gateway-revoke-tool-access assembly,
Secure,116,Revoke MCP server tool access,"When a user or group should no longer access specific MCP tools, I want to revoke their tool access, so I can enforce least-privilege security policies.",,full,modules/proc-mcp-gateway-filter-revoked-tools-display.adoc,full,from mcp-gateway-revoke-tool-access assembly,
Secure,117,Understand tool access revocation,"When I need to revoke tool access, I want to understand how JWT-based revocation works, so I can plan for revocation timing and enforcement points.",,full,modules/con-mcp-gateway-understand-tool-access-revocation.adoc,full,from mcp-gateway-revoke-tool-access assembly,
Secure,118,Revoke tool and prompt call requests,"When I need to block a user from calling a tool, I want to remove the tool role from their identity provider profile, so I can prevent further tool invocations.",,full,modules/proc-mcp-gateway-revoking-tools-call-requests.adoc,full,from mcp-gateway-revoke-tool-access assembly,
Secure,119,Filter revoked tools and prompts from display,"When I have revoked a tool, I want to filter it from the tools/list response, so I can prevent users from seeing tools they cannot access.",,full,modules/proc-mcp-gateway-filter-revoked-tools-display.adoc,full,from mcp-gateway-revoke-tool-access assembly,
Secure,120,Use credentials to access external APIs with Vault,"When I need AI agents to access external APIs, I want to integrate HashiCorp Vault with the MCP gateway, so I can securely store and inject API credentials for MCP servers.",,full,modules/con-mcp-gateway-vault.adoc,full,from mcp-gateway-vault assembly,
Secure,120,Use credentials to access external APIs with Vault,"When I need AI agents to access external APIs, I want to integrate HashiCorp Vault with the MCP gateway, so I can securely store and inject API credentials for MCP servers.",,full,modules/proc-mcp-gateway-vault-single-server-auth-policy.adoc,full,from mcp-gateway-vault assembly,
Secure,121,Use Vault with the MCP gateway,"When I am planning credential management, I want to understand the Vault integration architecture, so I can design a secure credential injection workflow.",,full,modules/con-mcp-gateway-vault.adoc,full,from mcp-gateway-vault assembly,
Secure,122,Set up a trust relationship between Vault and Authorino,"When I need Authorino to access Vault, I want to establish JWT-based trust, so I can enable the Authorino service to retrieve secrets from Vault.",,full,modules/proc-mcp-gateway-trust-vault-authorino.adoc,full,from mcp-gateway-vault assembly,
Secure,123,Create a single-server-scoped AuthPolicy CR for Vault,"When I need per-server credential retrieval from Vault, I want to create a scoped AuthPolicy CR, so I can inject server-specific credentials into MCP requests.",,full,modules/proc-mcp-gateway-vault-single-server-auth-policy.adoc,full,from mcp-gateway-vault assembly,
Secure,125,Test your MCP gateway and Vault integration,"When I have configured Vault integration, I want to test the end-to-end flow, so I can confirm credentials are retrieved and injected correctly.",,full,modules/proc-mcp-gateway-test-vault.adoc,full,from mcp-gateway-vault assembly,
Secure,126,Use a Vault root token,"When I need to bootstrap Vault or recover from lockout, I want to use a root token for Authorino authentication, so I can perform initial setup or disaster recovery.",,full,modules/proc-mcp-gateway-vault-root-token.adoc,full,from mcp-gateway-vault assembly,
Secure,129,Secure and protect exposed endpoints,"When exposing APIs and services to consumers, I want to centrally apply authentication, encryption, and rate-limiting policies, so I can secure my platform against unauthorized access and traffic spikes.",,partial,modules/proc-set-default-auth-policy.adoc,full,from deployment assembly,Some aspects of the job may lack dedicated documentation
Secure,129,Secure and protect exposed endpoints,"When exposing APIs and services to consumers, I want to centrally apply authentication, encryption, and rate-limiting policies, so I can secure my platform against unauthorized access and traffic spikes.",,partial,modules/proc-set-default-rate-limit-policy.adoc,full,from deployment assembly,Some aspects of the job may lack dedicated documentation
Secure,129,Secure and protect exposed endpoints,"When exposing APIs and services to consumers, I want to centrally apply authentication, encryption, and rate-limiting policies, so I can secure my platform against unauthorized access and traffic spikes.",,partial,modules/proc-set-tls-policy.adoc,full,from deployment assembly,Some aspects of the job may lack dedicated documentation
Secure,129,Secure and protect exposed endpoints,"When exposing APIs and services to consumers, I want to centrally apply authentication, encryption, and rate-limiting policies, so I can secure my platform against unauthorized access and traffic spikes.",,partial,modules/con-connectivity-link-app-dev-work.adoc,partial,Application developer workflow,Some aspects of the job may lack dedicated documentation
Secure,135,Secure APIs with OIDC/JWT authentication,"When I need to authenticate API consumers using an identity provider, I want to configure JWT bearer token validation with an AuthPolicy, so I can secure my APIs using industry-standard OIDC without managing credentials myself.",,partial,modules/proc-rhcl-oidc-authpolicy.adoc,full,from rhcl-oidc-authentication assembly,NEW job; Some aspects of the job may lack dedicated documentation
Secure,135,Secure APIs with OIDC/JWT authentication,"When I need to authenticate API consumers using an identity provider, I want to configure JWT bearer token validation with an AuthPolicy, so I can secure my APIs using industry-standard OIDC without managing credentials myself.",,partial,modules/proc-rhcl-oidc-authpolicy-verify.adoc,full,from rhcl-oidc-authentication assembly,NEW job; Some aspects of the job may lack dedicated documentation
Secure,135,Secure APIs with OIDC/JWT authentication,"When I need to authenticate API consumers using an identity provider, I want to configure JWT bearer token validation with an AuthPolicy, so I can secure my APIs using industry-standard OIDC without managing credentials myself.",,partial,modules/proc-rhcl-oidc-get-token.adoc,partial,from rhcl-oidc-authentication assembly,NEW job; Some aspects of the job may lack dedicated documentation
Secure,135,Secure APIs with OIDC/JWT authentication,"When I need to authenticate API consumers using an identity provider, I want to configure JWT bearer token validation with an AuthPolicy, so I can secure my APIs using industry-standard OIDC without managing credentials myself.",,partial,modules/proc-rhcl-oidc-rbac-policy.adoc,partial,from rhcl-oidc-authentication assembly,NEW job; Some aspects of the job may lack dedicated documentation
Secure,136,Authenticate API consumers with API keys,"When I need simple credential-based access control for my APIs, I want to configure API key authentication with an AuthPolicy, so I can issue and revoke access without requiring an identity provider.",,partial,modules/proc-rhcl-configuring-authentication-planpolicy.adoc,full,from rhcl-planpolicy assembly,NEW job; Some aspects of the job may lack dedicated documentation
Secure,136,Authenticate API consumers with API keys,"When I need simple credential-based access control for my APIs, I want to configure API key authentication with an AuthPolicy, so I can issue and revoke access without requiring an identity provider.",,partial,modules/proc-rhcl-create-secrets.adoc,full,from rhcl-planpolicy assembly,NEW job; Some aspects of the job may lack dedicated documentation
Secure,136,Authenticate API consumers with API keys,"When I need simple credential-based access control for my APIs, I want to configure API key authentication with an AuthPolicy, so I can issue and revoke access without requiring an identity provider.",,partial,modules/proc-rhcl-authpolicy-verify.adoc,partial,from rhcl-planpolicy assembly,NEW job; Some aspects of the job may lack dedicated documentation
Secure,136,Authenticate API consumers with API keys,"When I need simple credential-based access control for my APIs, I want to configure API key authentication with an AuthPolicy, so I can issue and revoke access without requiring an identity provider.",,partial,modules/proc-rhcl-secrets-verify.adoc,partial,from rhcl-planpolicy assembly,NEW job; Some aspects of the job may lack dedicated documentation
Secure,141,Apply rate limiting to MCP gateway traffic,"When MCP clients are sending excessive requests to my gateway, I want to apply RateLimitPolicy to MCP gateway listeners, so I can prevent resource exhaustion and ensure fair usage across AI agents.",,partial,modules/proc-set-default-rate-limit-policy.adoc,partial,General RateLimitPolicy; MCP-specific listener targeting not documented,NEW job; Some aspects of the job may lack dedicated documentation
Secure,141,Apply rate limiting to MCP gateway traffic,"When MCP clients are sending excessive requests to my gateway, I want to apply RateLimitPolicy to MCP gateway listeners, so I can prevent resource exhaustion and ensure fair usage across AI agents.",,partial,modules/con-mcp-gateway-authentication.adoc,partial,MCP gateway context only,NEW job; Some aspects of the job may lack dedicated documentation
Secure,148,Configure TLS for MCP gateway upstream connections to internal MCP servers,"When my registered MCP servers require HTTPS for internal cluster communication, I want to configure TLS for the upstream connection from the MCP gateway to internal MCP servers, so I can secure end-to-end communication within my cluster.",,gap,,gap,No existing module covers this job,NEW job
Troubleshoot,19,Troubleshoot disconnected installations,"When my disconnected installation is failing, I want to use troubleshooting documentation, so that I can get my installation working.",,partial,modules/con-rhcl-install-disconnected.adoc,partial,Overview of disconnected install,Some aspects of the job may lack dedicated documentation
Troubleshoot,19,Troubleshoot disconnected installations,"When my disconnected installation is failing, I want to use troubleshooting documentation, so that I can get my installation working.",,partial,modules/proc-rhcl-disconnected-install-ts-cat-image.adoc,full,from rhcl-install-disconnected assembly,Some aspects of the job may lack dedicated documentation
Troubleshoot,19,Troubleshoot disconnected installations,"When my disconnected installation is failing, I want to use troubleshooting documentation, so that I can get my installation working.",,partial,modules/proc-rhcl-disconnected-install-ts-ops.adoc,full,from rhcl-install-disconnected assembly,Some aspects of the job may lack dedicated documentation
Troubleshoot,19,Troubleshoot disconnected installations,"When my disconnected installation is failing, I want to use troubleshooting documentation, so that I can get my installation working.",,partial,modules/proc-rhcl-disconnected-install-ts-pods-stuck.adoc,full,from rhcl-install-disconnected assembly,Some aspects of the job may lack dedicated documentation
Troubleshoot,20,Troubleshoot catalog image not accessible,"When my CatalogSource shows READY=False in a disconnected installation, I want to diagnose catalog image accessibility issues, so I can fix the mirrored catalog and proceed with installation.",,full,modules/proc-rhcl-disconnected-install-ts-cat-image.adoc,full,from rhcl-install-disconnected assembly,
Troubleshoot,21,Check for dependent Operators that are not installed,"When dependent Operators are missing after disconnected installation, I want to verify that all Operators are available, so I can identify and fix missing catalog references.",,full,modules/proc-rhcl-disconnected-install-ts-ops.adoc,full,from rhcl-install-disconnected assembly,
Troubleshoot,22,Troubleshoot stuck pods in a disconnected installation,"When pods are stuck in ImagePullBackOff status, I want to verify image mirroring and ImageDigestMirrorSet configuration, so I can resolve image pull failures in my disconnected cluster.",,full,modules/proc-rhcl-disconnected-install-ts-pods-stuck.adoc,full,from rhcl-install-disconnected assembly,
Troubleshoot,56,Troubleshoot and support for MCP gateway,"When I encounter issues with my MCP gateway deployment, I want to systematically diagnose and resolve problems across installation, configuration, and operation, so I can restore normal gateway functionality.",,partial,modules/proc-mcp-gateway-ts-pods-not-starting.adoc,full,from mcp-gateway-troubleshooting assembly,Some aspects of the job may lack dedicated documentation
Troubleshoot,56,Troubleshoot and support for MCP gateway,"When I encounter issues with my MCP gateway deployment, I want to systematically diagnose and resolve problems across installation, configuration, and operation, so I can restore normal gateway functionality.",,partial,modules/con-mcp-gateway-ts-gateway-routing.adoc,full,from mcp-gateway-troubleshooting assembly,Some aspects of the job may lack dedicated documentation
Troubleshoot,56,Troubleshoot and support for MCP gateway,"When I encounter issues with my MCP gateway deployment, I want to systematically diagnose and resolve problems across installation, configuration, and operation, so I can restore normal gateway functionality.",,partial,modules/proc-mcp-gateway-ts-authn-issues.adoc,partial,Authentication troubleshooting section,Some aspects of the job may lack dedicated documentation
Troubleshoot,56,Troubleshoot and support for MCP gateway,"When I encounter issues with my MCP gateway deployment, I want to systematically diagnose and resolve problems across installation, configuration, and operation, so I can restore normal gateway functionality.",,partial,modules/proc-mcp-gateway-ts-authz-issues.adoc,partial,Authorization troubleshooting section,Some aspects of the job may lack dedicated documentation
Troubleshoot,56,Troubleshoot and support for MCP gateway,"When I encounter issues with my MCP gateway deployment, I want to systematically diagnose and resolve problems across installation, configuration, and operation, so I can restore normal gateway functionality.",,partial,modules/proc-mcp-gateway-ts-gateway-listener.adoc,partial,from mcp-gateway-troubleshooting assembly,Some aspects of the job may lack dedicated documentation
Troubleshoot,56,Troubleshoot and support for MCP gateway,"When I encounter issues with my MCP gateway deployment, I want to systematically diagnose and resolve problems across installation, configuration, and operation, so I can restore normal gateway functionality.",,partial,modules/proc-mcp-gateway-ts-on-prem-mcp-server.adoc,partial,from mcp-gateway-troubleshooting assembly,Some aspects of the job may lack dedicated documentation
Troubleshoot,56,Troubleshoot and support for MCP gateway,"When I encounter issues with my MCP gateway deployment, I want to systematically diagnose and resolve problems across installation, configuration, and operation, so I can restore normal gateway functionality.",,partial,modules/proc-mcp-gateway-ts-ext-mcp-server-connect-issues.adoc,partial,from mcp-gateway-troubleshooting assembly,Some aspects of the job may lack dedicated documentation
Troubleshoot,67,Troubleshoot with traces and logs,"When I encounter request-level issues in my deployment, I want to search for traces and correlate them with logs, so I can identify timing issues and narrow down problems to specific services.",,full,modules/con-troubleshoot-tracing-logs.adoc,full,from observability assembly,
Troubleshoot,67,Troubleshoot with traces and logs,"When I encounter request-level issues in my deployment, I want to search for traces and correlate them with logs, so I can identify timing issues and narrow down problems to specific services.",,full,modules/proc-obs-access-logs-correlation.adoc,full,from observability assembly,
Troubleshoot,127,Get support,"When I encounter an issue with Red Hat Connectivity Link, I want to know what support channels are available, so I can get help resolving my problem quickly.",,partial,modules/support.adoc,full,from getting-support assembly,Some aspects of the job may lack dedicated documentation
Troubleshoot,127,Get support,"When I encounter an issue with Red Hat Connectivity Link, I want to know what support channels are available, so I can get help resolving my problem quickly.",,partial,modules/support-submitting-a-case.adoc,full,from getting-support assembly,Some aspects of the job may lack dedicated documentation
Troubleshoot,127,Get support,"When I encounter an issue with Red Hat Connectivity Link, I want to know what support channels are available, so I can get help resolving my problem quickly.",,partial,modules/support-knowledgebase-search.adoc,partial,Knowledgebase search,Some aspects of the job may lack dedicated documentation
Troubleshoot,130,Troubleshoot AuthPolicy,"When my AuthPolicy is not enforcing authentication or authorization as expected, I want to diagnose and resolve common configuration issues, so I can protect my APIs correctly.",,partial,modules/proc-rhcl-ts-x509-auth.adoc,partial,X.509 AuthPolicy troubleshooting only,NEW job; Some aspects of the job may lack dedicated documentation
Troubleshoot,130,Troubleshoot AuthPolicy,"When my AuthPolicy is not enforcing authentication or authorization as expected, I want to diagnose and resolve common configuration issues, so I can protect my APIs correctly.",,partial,modules/proc-mcp-gateway-ts-authn-issues.adoc,partial,MCP gateway auth troubleshooting,NEW job; Some aspects of the job may lack dedicated documentation
Troubleshoot,131,Troubleshoot RateLimitPolicy,"When my RateLimitPolicy is not applying limits or counters are behaving unexpectedly, I want to diagnose Limitador configuration and counter behavior, so I can enforce rate limits reliably.",,partial,modules/proc-viewing-rate-limit-trace-IDs.adoc,partial,Trace ID logging only; no dedicated RateLimitPolicy troubleshooting,NEW job; Some aspects of the job may lack dedicated documentation
Troubleshoot,132,Troubleshoot DNSPolicy,"When my DNSPolicy is not creating or updating DNS records as expected, I want to diagnose provider credentials, policy status, and record propagation, so I can resolve DNS routing issues.",,partial,modules/proc-ts-coredns-single-cluster.adoc,partial,CoreDNS troubleshooting; not DNSPolicy provider troubleshooting,NEW job; Some aspects of the job may lack dedicated documentation
Troubleshoot,132,Troubleshoot DNSPolicy,"When my DNSPolicy is not creating or updating DNS records as expected, I want to diagnose provider credentials, policy status, and record propagation, so I can resolve DNS routing issues.",,partial,modules/con-coredns-troubleshooting.adoc,partial,CoreDNS-specific issues,NEW job; Some aspects of the job may lack dedicated documentation
Troubleshoot,133,Troubleshoot TLSPolicy,"When my TLSPolicy is not provisioning certificates, I want to diagnose cert-manager integration and policy status conditions, so I can resolve TLS configuration failures.",,partial,modules/proc-set-tls-policy.adoc,partial,TLS policy configuration; no dedicated TLSPolicy troubleshooting,NEW job; Some aspects of the job may lack dedicated documentation
Upgrade,43,Update Connectivity Link,"When a new version of Red Hat Connectivity Link is released, I want to update my installation to the latest version, so I can benefit from new features, fixes, and continued support.",,partial,modules/con-update-rhcl-with-web-console.adoc,full,from updating-rhcl assembly,Some aspects of the job may lack dedicated documentation
Upgrade,43,Update Connectivity Link,"When a new version of Red Hat Connectivity Link is released, I want to update my installation to the latest version, so I can benefit from new features, fixes, and continued support.",,partial,modules/proc-update-rhcl-with-web-console.adoc,full,from updating-rhcl assembly,Some aspects of the job may lack dedicated documentation
Upgrade,43,Update Connectivity Link,"When a new version of Red Hat Connectivity Link is released, I want to update my installation to the latest version, so I can benefit from new features, fixes, and continued support.",,partial,modules/con-supported-configs.adoc,partial,Version compatibility context,Some aspects of the job may lack dedicated documentation
