source_assembly,docs_dir,total_modules,uncovered,coverage,all_branches
operators/operator-reference.adoc,operators,41,40,2%,yes
service_mesh/v2x/servicemesh-release-notes.adoc,service_mesh,39,39,0%,partial
networking/advanced_networking/ptp/configuring-ptp.adoc,networking,38,38,0%,partial
cicd/builds/creating-build-inputs.adoc,cicd,35,34,3%,yes
scalability_and_performance/telco-hub-rds.adoc,scalability_and_performance,43,33,23%,partial
security/external_secrets_operator/external-secrets-operator-api.adoc,security,32,32,0%,yes
hardware_enablement/kmm-kernel-module-management.adoc,hardware_enablement,63,31,51%,partial
security/compliance_operator/compliance-operator-release-notes.adoc,security,31,31,0%,yes
hosted_control_planes/hcp-deploy/hcp-deploy-azure.adoc,hosted_control_planes,32,29,9%,no
support/gathering-cluster-data.adoc,support,29,28,3%,partial
hosted_control_planes/hcp-troubleshooting.adoc,hosted_control_planes,28,27,4%,no
scalability_and_performance/telco-core-rds.adoc,scalability_and_performance,50,26,48%,partial
backup_and_restore/application_backup_and_restore/installing/installing-oadp-aws.adoc,backup_and_restore,25,25,0%,partial
backup_and_restore/application_backup_and_restore/installing/installing-oadp-azure.adoc,backup_and_restore,21,21,0%,partial
backup_and_restore/application_backup_and_restore/installing/installing-oadp-gcp.adoc,backup_and_restore,21,21,0%,partial
cicd/builds/build-strategies.adoc,cicd,30,21,30%,yes
cli_reference/openshift_cli/getting-started-cli.adoc,cli_reference,24,21,12%,yes
edge_computing/ztp-reference-cluster-configuration-for-vdu.adoc,edge_computing,26,21,19%,partial
backup_and_restore/application_backup_and_restore/installing/installing-oadp-mcg.adoc,backup_and_restore,20,20,0%,partial
backup_and_restore/application_backup_and_restore/installing/installing-oadp-ocs.adoc,backup_and_restore,21,20,5%,partial
service_mesh/v2x/ossm-federation.adoc,service_mesh,20,20,0%,yes
applications/creating_applications/using-templates.adoc,applications,19,19,0%,yes
service_mesh/v2x/ossm-traffic-manage.adoc,service_mesh,19,19,0%,yes
virt/support/virt-troubleshooting.adoc,virt,19,19,0%,yes
hosted_control_planes/hcp-manage/hcp-manage-aws.adoc,hosted_control_planes,19,18,5%,no
post_installation_configuration/cluster-tasks.adoc,post_installation_configuration,53,18,66%,yes
security/file_integrity_operator/file-integrity-operator-release-notes.adoc,security,18,18,0%,yes
ai_applications/mcp_server/mcp-server-overview.adoc,ai_applications,17,17,0%,no
cicd/builds/triggering-builds-build-hooks.adoc,cicd,17,17,0%,yes
operators/understanding/olm-packaging-format.adoc,operators,17,17,0%,yes
scalability_and_performance/compute-resource-quotas.adoc,scalability_and_performance,17,17,0%,yes
service_mesh/v2x/ossm-threescale-webassembly-module.adoc,service_mesh,17,17,0%,yes
backup_and_restore/application_backup_and_restore/installing/installing-oadp-kubevirt.adoc,backup_and_restore,16,16,0%,partial
cicd/builds/basic-build-operations.adoc,cicd,16,16,0%,yes
edge_computing/policygenerator_for_ztp/ztp-advanced-policygenerator-config.adoc,edge_computing,16,16,0%,yes
installing/overview/cluster-capabilities.adoc,installing,22,16,27%,yes
service_mesh/v2x/ossm-create-mesh.adoc,service_mesh,16,16,0%,yes
virt/creating_vm/virt-creating-vms-from-cli.adoc,virt,16,16,0%,partial
backup_and_restore/application_backup_and_restore/installing/installing-oadp-ibm-cloud.adoc,backup_and_restore,15,15,0%,yes
edge_computing/policygentemplate_for_ztp/ztp-advanced-policy-config.adoc,edge_computing,15,15,0%,yes
hardware_accelerators/nvidia-gpu-architecture.adoc,hardware_accelerators,15,15,0%,yes
security/security_profiles_operator/spo-logging.adoc,security,15,15,0%,no
service_mesh/v2x/ossm-create-smcp.adoc,service_mesh,15,15,0%,yes
service_mesh/v2x/ossm-security.adoc,service_mesh,15,15,0%,yes
backup_and_restore/application_backup_and_restore/cli-tools/oadp-cli-plugin.adoc,backup_and_restore,15,14,7%,no
hardware_accelerators/rdma-remote-direct-memory-access.adoc,hardware_accelerators,14,14,0%,yes
networking/networking_operators/dpf_operator/dpf-operator-installation.adoc,networking,14,14,0%,no
service_mesh/v2x/ossm-troubleshooting-istio.adoc,service_mesh,14,14,0%,yes
service_mesh/v2x/upgrading-ossm.adoc,service_mesh,14,14,0%,yes
support/remote_health_monitoring/using-insights-operator.adoc,support,14,14,0%,yes
applications/deployments/managing-deployment-processes.adoc,applications,13,13,0%,yes
edge_computing/cnf-talm-for-cluster-upgrades.adoc,edge_computing,13,13,0%,yes
hosted_control_planes/hcp-manage/hcp-manage-virt.adoc,hosted_control_planes,14,13,7%,no
installing/installing_two_node_cluster/installing_tnf/install-post-tnf.adoc,installing,13,13,0%,partial
networking/ingress_load_balancing/configuring_ingress_cluster_traffic/configuring-ingress-cluster-traffic-aws.adoc,networking,18,13,28%,partial
operators/admin/olm-managing-custom-catalogs.adoc,operators,15,13,13%,yes
service_mesh/v2x/ossm-observability.adoc,service_mesh,13,13,0%,yes
service_mesh/v2x/threescale-adapter.adoc,service_mesh,13,13,0%,yes
virt/managing_vms/advanced_vm_management/virt-configuring-pci-passthrough.adoc,virt,13,13,0%,partial
virt/updating/upgrading-virt.adoc,virt,13,13,0%,partial
edge_computing/policygenerator_for_ztp/ztp-configuring-managed-clusters-policygenerator.adoc,edge_computing,12,12,0%,yes
extensions/catalogs/fbc.adoc,extensions,12,12,0%,yes
installing/installing_two_node_cluster/installing_tnf/operating-a-degraded-tnf.adoc,installing,12,12,0%,no
nodes/cma/nodes-cma-rn/nodes-cma-autoscaling-custom-rn-past.adoc,nodes,12,12,0%,yes
openshift_images/image-configuration.adoc,openshift_images,16,12,25%,partial
tutorials/dev-app-cli.adoc,tutorials,12,12,0%,yes
virt/vm_networking/virt-connecting-vm-to-primary-udn.adoc,virt,12,12,0%,partial
ai_workloads/kueue/release-notes.adoc,ai_workloads,11,11,0%,yes
applications/deployments/deployment-strategies.adoc,applications,11,11,0%,yes
applications/projects/working-with-projects.adoc,applications,11,11,0%,yes
backup_and_restore/application_backup_and_restore/oadp-features-plugins.adoc,backup_and_restore,11,11,0%,yes
extensions/ce/managing-ce.adoc,extensions,15,11,27%,yes
hosted_control_planes/hcp_high_availability/hcp-disaster-recovery-oadp.adoc,hosted_control_planes,11,11,0%,no
networking/networking_operators/ingress-operator.adoc,networking,46,11,76%,partial
nodes/containers/nodes-containers-downward-api.adoc,nodes,11,11,0%,yes
observability/network_observability/observing-network-traffic.adoc,observability,32,11,66%,yes
operators/understanding/olm/olm-understanding-operatorgroups.adoc,operators,11,11,0%,yes
post_installation_configuration/configuring-multi-arch-compute-machines/multi-arch-tuning-operator-release-notes.adoc,post_installation_configuration,11,11,0%,no
post_installation_configuration/day_2_core_cnf_clusters/updating/update-completing-the-control-plane-only-update.adoc,post_installation_configuration,11,11,0%,yes
post_installation_configuration/day_2_core_cnf_clusters/updating/update-rhacm-talm-troubleshooting.adoc,post_installation_configuration,11,11,0%,yes
scalability_and_performance/telco-ran-du-rds.adoc,scalability_and_performance,31,11,65%,partial
security/compliance_operator/co-concepts/compliance-operator-crd.adoc,security,11,11,0%,yes
security/zero_trust_workload_identity_manager/zero-trust-manager-mesh-integration-multi-cluster.adoc,security,11,11,0%,yes
support/remote_health_monitoring/using-insights-to-identify-issues-with-your-cluster.adoc,support,11,11,0%,yes
virt/getting_started/virt-using-the-cli-tools.adoc,virt,11,11,0%,yes
virt/managing_vms/virt-edit-vms.adoc,virt,11,11,0%,yes
applications/deployments/route-based-deployment-strategies.adoc,applications,10,10,0%,yes
applications/quotas/quotas-setting-per-project.adoc,applications,10,10,0%,yes
backup_and_restore/application_backup_and_restore/oadp-api.adoc,backup_and_restore,10,10,0%,yes
cicd/jenkins/images-other-jenkins.adoc,cicd,10,10,0%,yes
cli_reference/tkn_cli/op-tkn-reference.adoc,cli_reference,10,10,0%,yes
edge_computing/ztp-deploying-far-edge-sites.adoc,edge_computing,20,10,50%,yes
edge_computing/ztp-precaching-tool.adoc,edge_computing,10,10,0%,yes
hosted_control_planes/hcp_high_availability/hcp-disaster-recovery-oadp-auto.adoc,hosted_control_planes,10,10,0%,no
networking/networking_operators/dpf_operator/dpf-environment-setup.adoc,networking,10,10,0%,no
networking/networking_operators/ingress-node-firewall-operator.adoc,networking,10,10,0%,yes
operators/understanding/olm/olm-understanding-olm.adoc,operators,10,10,0%,yes
scalability_and_performance/node-observability-operator.adoc,scalability_and_performance,10,10,0%,yes
security/security_profiles_operator/spo-release-notes.adoc,security,10,10,0%,yes
service_mesh/v2x/ossm-deployment-models.adoc,service_mesh,10,10,0%,yes
tutorials/dev-app-web-console.adoc,tutorials,10,10,0%,yes
virt/monitoring/virt-monitoring-vm-health.adoc,virt,10,10,0%,partial
applications/creating_applications/templates-using-ruby-on-rails.adoc,applications,9,9,0%,yes
backup_and_restore/application_backup_and_restore/oadp-self-service/oadp-self-service.adoc,backup_and_restore,9,9,0%,yes
backup_and_restore/application_backup_and_restore/oadp-vmfr/oadp-vmfr.adoc,backup_and_restore,9,9,0%,no
edge_computing/policygenerator_for_ztp/ztp-talm-updating-managed-policies-pg.adoc,edge_computing,9,9,0%,yes
edge_computing/policygentemplate_for_ztp/ztp-configuring-managed-clusters-policies.adoc,edge_computing,9,9,0%,yes
edge_computing/policygentemplate_for_ztp/ztp-talm-updating-managed-policies.adoc,edge_computing,9,9,0%,yes
edge_computing/ztp-manual-install.adoc,edge_computing,10,9,10%,partial
extensions/ce/olmv1-configuring-extensions.adoc,extensions,13,9,31%,no
machine_configuration/mco-update-boot-images-manual.adoc,machine_configuration,9,9,0%,no
machine_management/cluster_api_machine_management/cluster_api_provider_configurations/cluster-api-config-options-aws.adoc,machine_management,12,9,25%,partial
networking/advanced_networking/ptp/ptp-cloud-events-consumer-dev-reference-v2.adoc,networking,9,9,0%,yes
networking/networking_operators/dpf_operator/dpf-troubleshooting.adoc,networking,9,9,0%,no
networking/ovn_kubernetes_network_provider/ovn-kubernetes-architecture-assembly.adoc,networking,9,9,0%,yes
nodes/nodes-dashboard-using.adoc,nodes,12,9,25%,yes
operators/admin/olm-troubleshooting-operator-issues.adoc,operators,10,9,10%,yes
operators/understanding/olm/olm-understanding-dependency-resolution.adoc,operators,9,9,0%,yes
security/zero_trust_workload_identity_manager/zero-trust-manager-plugins.adoc,security,9,9,0%,yes
service_mesh/v2x/ossm-extensions.adoc,service_mesh,9,9,0%,yes
support/troubleshooting/troubleshooting-operator-issues.adoc,support,10,9,10%,yes
virt/backup_restore/virt-backup-restore-snapshots.adoc,virt,9,9,0%,yes
virt/backup_restore/virt-recovering-individual-files-from-vm-backups.adoc,virt,9,9,0%,no
virt/install/virt-requirements.adoc,virt,9,9,0%,yes
virt/managing_vms/advanced_vm_management/virt-NUMA-topology.adoc,virt,9,9,0%,yes
virt/managing_vms/ssh/virt-using-virtctl-ssh.adoc,virt,9,9,0%,partial
virt/managing_vms/virt-accessing-vm-consoles.adoc,virt,9,9,0%,yes
virt/managing_vms/virt-controlling-vm-states.adoc,virt,9,9,0%,partial
applications/working_with_helm_charts/configuring-custom-helm-chart-repositories.adoc,applications,8,8,0%,yes
backup_and_restore/application_backup_and_restore/oadp-self-service/oadp-self-service-cluster-admin-use-cases.adoc,backup_and_restore,8,8,0%,yes
edge_computing/ztp-updating-gitops.adoc,edge_computing,8,8,0%,yes
machine_management/creating_machinesets/creating-machineset-vsphere.adoc,machine_management,11,8,27%,yes
networking/advanced_networking/ptp/about-ptp.adoc,networking,8,8,0%,partial
networking/networking_operators/dpf_operator/dpf-hosted-cluster-provisioning.adoc,networking,8,8,0%,no
networking/networking_operators/dpf_operator/dpf-validation-telemetry.adoc,networking,8,8,0%,no
post_installation_configuration/changing-cloud-credentials-configuration.adoc,post_installation_configuration,11,8,27%,yes
post_installation_configuration/day_2_core_cnf_clusters/security/security-basics.adoc,post_installation_configuration,8,8,0%,yes
post_installation_configuration/day_2_core_cnf_clusters/updating/update-rhacm-talm-overview.adoc,post_installation_configuration,9,8,11%,yes
scalability_and_performance/managing-bare-metal-hosts.adoc,scalability_and_performance,8,8,0%,yes
service_mesh/v2x/ossm-architecture.adoc,service_mesh,8,8,0%,yes
service_mesh/v2x/ossm-reference-smcp.adoc,service_mesh,8,8,0%,yes
support/remote_health_monitoring/about-remote-health-monitoring.adoc,support,8,8,0%,yes
support/troubleshooting/troubleshooting-installations.adoc,support,13,8,38%,yes
virt/about_virt/virt-security-policies.adoc,virt,8,8,0%,partial
virt/managing_vms/advanced_vm_management/virt-configuring-virtual-gpus.adoc,virt,8,8,0%,partial
virt/storage/virt-automatic-bootsource-updates.adoc,virt,8,8,0%,partial
applications/deployments/what-deployments-are.adoc,applications,7,7,0%,yes
backup_and_restore/application_backup_and_restore/oadp-vmdp/oadp-using-vmdp.adoc,backup_and_restore,7,7,0%,no
backup_and_restore/application_backup_and_restore/troubleshooting/oadp-timeouts.adoc,backup_and_restore,7,7,0%,yes
backup_and_restore/control_plane_backup_and_restore/disaster_recovery/about-disaster-recovery.adoc,backup_and_restore,7,7,0%,yes
cli_reference/opm/cli-opm-ref.adoc,cli_reference,7,7,0%,yes
edge_computing/image_based_upgrade/cnf-understanding-image-based-upgrade.adoc,edge_computing,7,7,0%,yes
edge_computing/ztp-migrate-clusterinstance.adoc,edge_computing,7,7,0%,partial
etcd/etcd-backup-restore/etcd-disaster-recovery.adoc,etcd,7,7,0%,yes
installing/installing_gcp/installing-gcp-dedicated.adoc,installing,16,7,56%,no
machine_management/cluster_api_machine_management/cluster-api-troubleshooting.adoc,machine_management,8,7,12%,partial
machine_management/creating_machinesets/creating-machineset-aws.adoc,machine_management,15,7,53%,partial
networking/networking_operators/dpf_operator/dpf-worker-nodes-provisioning.adoc,networking,7,7,0%,no
nodes/containers/nodes-containers-volumes.adoc,nodes,7,7,0%,yes
observability/network_observability/network-observability-operator-release-notes.adoc,observability,9,7,22%,yes
operators/admin/olm-creating-policy.adoc,operators,7,7,0%,yes
post_installation_configuration/node-tasks.adoc,post_installation_configuration,64,7,89%,yes
security/compliance_operator/co-scans/compliance-operator-advanced.adoc,security,8,7,12%,yes
security/external_secrets_operator/external-secrets-operator-migrate-downstream-upstream.adoc,security,7,7,0%,yes
security/external_secrets_operator/external-secrets-operator-release-notes.adoc,security,7,7,0%,yes
support/troubleshooting/troubleshooting-network-issues.adoc,support,7,7,0%,yes
virt/creating_vm/virt-configuring-ibm-secure-execution-vms-ibm-z.adoc,virt,7,7,0%,partial
virt/creating_vm/virt-creating-vms-from-instance-types.adoc,virt,7,7,0%,yes
virt/creating_vm/virt-import-dv-vms.adoc,virt,7,7,0%,no
virt/install/preparing-cluster-for-virt.adoc,virt,7,7,0%,yes
virt/managing_vms/virtual_disks/virt-configuring-shared-volumes-for-vms.adoc,virt,7,7,0%,partial
virt/storage/virt-boot-source-image-heterogeneous-clusters.adoc,virt,7,7,0%,partial
virt/vm_networking/virt-connecting-vm-to-linux-bridge.adoc,virt,7,7,0%,yes
windows_containers/enabling-windows-container-workloads.adoc,windows_containers,9,7,22%,yes
ai_workloads/kueue/monitoring-pending-workloads.adoc,ai_workloads,6,6,0%,yes
applications/application-health.adoc,applications,6,6,0%,yes
backup_and_restore/application_backup_and_restore/oadp-advanced-topics/oadp-backing-up-data-one-cluster-restoring-another-cluster.adoc,backup_and_restore,6,6,0%,yes
backup_and_restore/application_backup_and_restore/oadp-self-service/oadp-self-service-namespace-admin-use-cases.adoc,backup_and_restore,6,6,0%,yes
backup_and_restore/application_backup_and_restore/oadp-vmfr/oadp-using-vmfr.adoc,backup_and_restore,7,6,14%,no
backup_and_restore/application_backup_and_restore/troubleshooting/oadp-data-protection-test.adoc,backup_and_restore,6,6,0%,yes
cicd/builds/advanced-build-operations.adoc,cicd,6,6,0%,yes
cicd/builds/running-entitled-builds.adoc,cicd,6,6,0%,yes
cicd/jenkins/migrating-from-jenkins-to-openshift-pipelines.adoc,cicd,6,6,0%,yes
disconnected/updating/uninstalling-osus.adoc,disconnected,6,6,0%,yes
edge_computing/image_based_upgrade/ztp-image-based-upgrade.adoc,edge_computing,6,6,0%,yes
extensions/ce/update-paths.adoc,extensions,6,6,0%,yes
hosted_control_planes/hcp-manage/hcp-manage-bm.adoc,hosted_control_planes,8,6,25%,no
hosted_control_planes/hcp-manage/hcp-manage-non-bm.adoc,hosted_control_planes,8,6,25%,no
hosted_control_planes/hcp-manage/hcp-manage-openstack.adoc,hosted_control_planes,9,6,33%,no
installing/installing_two_node_cluster/installing_tnf/tuning-fencing-parameters-tnf.adoc,installing,6,6,0%,no
machine_management/control_plane_machine_management/cpmso-troubleshooting.adoc,machine_management,7,6,14%,yes
machine_management/creating_machinesets/creating-machineset-azure.adoc,machine_management,20,6,70%,yes
networking/ingress_load_balancing/configuring_ingress_cluster_traffic/configuring-externalip.adoc,networking,6,6,0%,yes
networking/networking_operators/aws_load_balancer_operator/aws-load-balancer-operator-release-notes.adoc,networking,6,6,0%,yes
networking/networking_operators/dpf_operator/about-dpf-operator.adoc,networking,6,6,0%,no
networking/ovn_kubernetes_network_provider/ovn-kubernetes-troubleshooting-sources.adoc,networking,9,6,33%,yes
nodes/index.adoc,nodes,8,6,25%,yes
nodes/nodes/nodes-sno-worker-nodes.adoc,nodes,7,6,14%,yes
nodes/pods/nodes-pods-allocate-dra.adoc,nodes,6,6,0%,partial
nodes/pods/nodes-pods-viewing.adoc,nodes,6,6,0%,yes
observability/network_observability/network-observability-per-tenant-model.adoc,observability,6,6,0%,yes
post_installation_configuration/day_2_core_cnf_clusters/troubleshooting/troubleshooting-cert-maintenance.adoc,post_installation_configuration,7,6,14%,yes
post_installation_configuration/day_2_core_cnf_clusters/troubleshooting/troubleshooting-general-troubleshooting.adoc,post_installation_configuration,7,6,14%,yes
post_installation_configuration/day_2_core_cnf_clusters/updating/update-completing-the-y-stream-update.adoc,post_installation_configuration,6,6,0%,yes
post_installation_configuration/day_2_core_cnf_clusters/updating/update-ocp-update-prep.adoc,post_installation_configuration,6,6,0%,yes
scalability_and_performance/cluster-compare/creating-a-reference-configuration.adoc,scalability_and_performance,7,6,14%,yes
security/cert_manager_operator/cert-manager-operator-integrating-istio.adoc,security,6,6,0%,yes
security/compliance_operator/co-scans/compliance-operator-troubleshooting.adoc,security,6,6,0%,yes
security/zero_trust_workload_identity_manager/zero-trust-manager-release-notes.adoc,security,6,6,0%,yes
security/zero_trust_workload_identity_manager/zero-trust-manager-spiffe-helper.adoc,security,6,6,0%,yes
storage/container_storage_interface/persistent-storage-csi.adoc,storage,6,6,0%,yes
support/remote_health_monitoring/insights-operator-simple-access.adoc,support,6,6,0%,yes
virt/about_virt/about-virt.adoc,virt,6,6,0%,yes
virt/about_virt/virt-architecture.adoc,virt,6,6,0%,yes
virt/backup_restore/virt-using-vm-file-restore.adoc,virt,7,6,14%,no
virt/live_migration/virt-about-live-migration.adoc,virt,6,6,0%,partial
virt/managing_vms/advanced_vm_management/virt-working-with-resource-quotas-for-vms.adoc,virt,6,6,0%,partial
virt/managing_vms/ssh/virt-using-services.adoc,virt,6,6,0%,yes
virt/managing_vms/virt-install-virtio-drivers-on-windows-vms.adoc,virt,6,6,0%,partial
virt/managing_vms/virt-manage-vmis.adoc,virt,6,6,0%,yes
virt/managing_vms/virt-migrating-vm-storage.adoc,virt,6,6,0%,partial
virt/monitoring/virt-exposing-custom-metrics-for-vms.adoc,virt,6,6,0%,yes
virt/post_installation_configuration/virt-platform-autopilot.adoc,virt,6,6,0%,no
virt/post_installation_configuration/virt-post-install-network-config.adoc,virt,8,6,25%,yes
virt/post_installation_configuration/virt-vm-recovery-from-node-failures.adoc,virt,6,6,0%,partial
virt/support/virt-support-overview.adoc,virt,7,6,14%,yes
virt/vm_networking/virt-connecting-vm-to-secondary-udn.adoc,virt,6,6,0%,partial
virt/vm_networking/virt-networking-overview.adoc,virt,7,6,14%,partial
ai_workloads/kueue/admission-fair-sharing.adoc,ai_workloads,5,5,0%,yes
ai_workloads/kueue/install-disconnected.adoc,ai_workloads,5,5,0%,yes
ai_workloads/kueue/install-kueue.adoc,ai_workloads,5,5,0%,yes
applications/creating_applications/creating-applications-using-cli.adoc,applications,5,5,0%,yes
applications/odc-viewing-application-composition-using-topology-view.adoc,applications,8,5,38%,yes
backup_and_restore/application_backup_and_restore/installing/about-installing-oadp.adoc,backup_and_restore,7,5,29%,yes
backup_and_restore/application_backup_and_restore/oadp-rosa/oadp-rosa-backing-up-applications.adoc,backup_and_restore,5,5,0%,yes
backup_and_restore/application_backup_and_restore/release-notes/oadp-upgrade-notes-1-6.adoc,backup_and_restore,5,5,0%,no
backup_and_restore/application_backup_and_restore/troubleshooting/oadp-monitoring.adoc,backup_and_restore,5,5,0%,yes
cicd/jenkins/images-other-jenkins-agent.adoc,cicd,5,5,0%,yes
cicd/jenkins/important-changes-to-openshift-jenkins-images.adoc,cicd,5,5,0%,yes
disconnected/updating/disconnected-update-osus.adoc,disconnected,12,5,58%,yes
edge_computing/image_base_install/ibi-preparing-for-image-based-install.adoc,edge_computing,5,5,0%,yes
edge_computing/image_base_install/ibi-understanding-image-based-install.adoc,edge_computing,5,5,0%,yes
edge_computing/image_base_install/ibi_deploying_sno_clusters/ibi-edge-image-based-install.adoc,edge_computing,5,5,0%,yes
edge_computing/ztp-sno-additional-worker-node.adoc,edge_computing,5,5,0%,yes
hosted_control_planes/hcp-release-notes.adoc,hosted_control_planes,5,5,0%,no
machine_management/deleting-machine.adoc,machine_management,5,5,0%,yes
networking/hardware_networks/using-dpdk-and-rdma.adoc,networking,13,5,62%,yes
networking/ingress_load_balancing/load-balancing-openstack.adoc,networking,7,5,29%,yes
nodes/nodes/nodes-nodes-managing.adoc,nodes,9,5,44%,partial
nodes/nodes/nodes-nodes-replace-control-plane.adoc,nodes,8,5,38%,yes
operators/understanding/crds/crd-extending-api-with-crds.adoc,operators,5,5,0%,yes
post_installation_configuration/day_2_core_cnf_clusters/observability/observability.adoc,post_installation_configuration,5,5,0%,yes
post_installation_configuration/day_2_core_cnf_clusters/troubleshooting/troubleshooting-bmn-maintenance.adoc,post_installation_configuration,5,5,0%,yes
service_mesh/v2x/ossm-kiali-ossmc-plugin.adoc,service_mesh,5,5,0%,yes
support/remote_health_monitoring/remote-health-reporting.adoc,support,6,5,17%,yes
support/troubleshooting/troubleshooting-operating-system-issues.adoc,support,5,5,0%,yes
updating/preparing_for_updates/kmm-preflight-validation.adoc,updating,5,5,0%,yes
vcp/vcp-prerequisites.adoc,vcp,5,5,0%,no
virt/creating_vm/virt-creating-vms-web.adoc,virt,5,5,0%,no
virt/install/uninstalling-virt.adoc,virt,5,5,0%,yes
virt/managing_vms/advanced_vm_management/virt-specifying-nodes-for-vms.adoc,virt,5,5,0%,yes
virt/managing_vms/cpu_models/virt-schedule-vms.adoc,virt,5,5,0%,yes
virt/managing_vms/virt-managing-vms-openshift-pipelines.adoc,virt,5,5,0%,yes
virt/monitoring/virt-exposing-downward-metrics.adoc,virt,5,5,0%,partial
virt/monitoring/virt-prometheus-queries.adoc,virt,5,5,0%,partial
virt/monitoring/virt-storage-checkups.adoc,virt,5,5,0%,yes
virt/nodes/virt-eviction-strategies.adoc,virt,5,5,0%,yes
virt/post_installation_configuration/virt-kubevirt-redfish.adoc,virt,5,5,0%,no
virt/storage/virt-configuring-local-storage-with-hpp.adoc,virt,5,5,0%,yes
virt/storage/virt-configuring-storage-profile.adoc,virt,5,5,0%,yes
virt/support/virt-collecting-virt-data.adoc,virt,6,5,17%,yes
ai_workloads/jobset_operator/managing-jobset.adoc,ai_workloads,4,4,0%,yes
ai_workloads/kueue/configuring-quotas.adoc,ai_workloads,4,4,0%,yes
ai_workloads/kueue/kueue-dra-integrating-dynamic-resource-allocation.adoc,ai_workloads,4,4,0%,no
applications/idling-applications.adoc,applications,4,4,0%,yes
applications/pruning-objects.adoc,applications,15,4,73%,yes
applications/working_with_helm_charts/odc-working-with-helm-releases.adoc,applications,4,4,0%,partial
backup_and_restore/application_backup_and_restore/aws-sts/oadp-aws-sts.adoc,backup_and_restore,4,4,0%,yes
backup_and_restore/application_backup_and_restore/backing_up_and_restoring/oadp-deleting-backups.adoc,backup_and_restore,4,4,0%,yes
backup_and_restore/application_backup_and_restore/installing/about-oadp-data-mover.adoc,backup_and_restore,4,4,0%,yes
backup_and_restore/application_backup_and_restore/oadp-3scale/backing-up-3scale-api-management-by-using-oadp.adoc,backup_and_restore,4,4,0%,yes
backup_and_restore/application_backup_and_restore/oadp-3scale/restoring-3scale-api-management-by-using-oadp.adoc,backup_and_restore,4,4,0%,yes
backup_and_restore/application_backup_and_restore/oadp-vmdp/oadp-vmdp.adoc,backup_and_restore,4,4,0%,no
backup_and_restore/application_backup_and_restore/troubleshooting/backup-and-restore-cr-issues.adoc,backup_and_restore,4,4,0%,yes
backup_and_restore/application_backup_and_restore/troubleshooting/oadp-cli-tool.adoc,backup_and_restore,4,4,0%,partial
backup_and_restore/application_backup_and_restore/troubleshooting/restoring-workarounds-for-velero-backups-that-use-admission-webhooks.adoc,backup_and_restore,4,4,0%,yes
backup_and_restore/control_plane_backup_and_restore/disaster_recovery/scenario-2-restoring-cluster-state.adoc,backup_and_restore,4,4,0%,yes
cicd/builds/understanding-image-builds.adoc,cicd,5,4,20%,yes
cli_reference/cli_manager/cli-manager-using.adoc,cli_reference,4,4,0%,yes
cli_reference/openshift_cli/managing-cli-profiles.adoc,cli_reference,4,4,0%,yes
cli_reference/tkn_cli/installing-tkn.adoc,cli_reference,4,4,0%,yes
disconnected/updating/mirroring-image-repository.adoc,disconnected,8,4,50%,yes
edge_computing/image_base_install/ibi-factory-image-based-install.adoc,edge_computing,4,4,0%,yes
edge_computing/image_based_upgrade/cnf-image-based-upgrade-base.adoc,edge_computing,4,4,0%,yes
edge_computing/image_based_upgrade/preparing_for_image_based_upgrade/cnf-image-based-upgrade-install-operators.adoc,edge_computing,4,4,0%,yes
edge_computing/sno_ip_configuration/cnf-configuring-sno-ip-configuration.adoc,edge_computing,4,4,0%,no
edge_computing/sno_ip_configuration/cnf-understanding-sno-ip-configuration.adoc,edge_computing,4,4,0%,no
edge_computing/ztp-vdu-validating-cluster-tuning.adoc,edge_computing,7,4,43%,yes
extensions/ce/crd-upgrade-safety.adoc,extensions,4,4,0%,yes
hosted_control_planes/hcp-prepare/hcp-enable-disable.adoc,hosted_control_planes,4,4,0%,no
hosted_control_planes/hcp_high_availability/hcp-disaster-recovery-aws.adoc,hosted_control_planes,4,4,0%,no
installing/installing_ibm_cloud/installing-ibm-cloud-restricted.adoc,installing,18,4,78%,yes
machine_management/control_plane_machine_management/cpmso_provider_configurations/cpmso-supported-features-aws.adoc,machine_management,7,4,43%,partial
machine_management/control_plane_machine_management/cpmso_provider_configurations/cpmso-supported-features-azure.adoc,machine_management,12,4,67%,yes
networking/configuring_network_settings/configuring-a-custom-pki.adoc,networking,4,4,0%,yes
networking/ingress_load_balancing/configuring_gateway_api/routing-grpc-requests-to-services.adoc,networking,4,4,0%,no
networking/ingress_load_balancing/configuring_ingress_cluster_traffic/configuring-ingress-cluster-traffic-ingress-controller.adoc,networking,12,4,67%,yes
networking/ingress_load_balancing/configuring_ingress_cluster_traffic/configuring-ingress-cluster-traffic-load-balancer.adoc,networking,4,4,0%,yes
networking/networking_operators/dns-operator.adoc,networking,12,4,67%,yes
networking/networking_operators/external_dns_operator/external-dns-operator-release-notes.adoc,networking,4,4,0%,yes
networking/networking_operators/metallb-operator/metallb-operator-install.adoc,networking,7,4,43%,yes
networking/networking_overview/understanding-networking.adoc,networking,4,4,0%,yes
networking/ovn_kubernetes_network_provider/configuring-secondary-external-gateway.adoc,networking,4,4,0%,yes
nodes/edge/nodes-edge-remote-workers.adoc,nodes,5,4,20%,yes
nodes/nodes/nodes-node-tuning-operator.adoc,nodes,9,4,56%,partial
nodes/nodes/nodes-nodes-additional-crio-storage.adoc,nodes,4,4,0%,no
nodes/nodes/nodes-nodes-rebooting.adoc,nodes,4,4,0%,yes
nodes/pods/nodes-pods-configmaps.adoc,nodes,9,4,56%,yes
nodes/scheduling/descheduler/nodes-descheduler-release-notes.adoc,nodes,4,4,0%,no
observability/network_observability/netobserv_cli/netobserv-cli-using.adoc,observability,4,4,0%,yes
observability/network_observability/network-observability-kafka-operator-scaling-network-flow-collection.adoc,observability,4,4,0%,yes
operators/admin/olm-cs-podsched.adoc,operators,4,4,0%,yes
operators/operator_sdk/token_auth/osdk-cco-aws-sts.adoc,operators,5,4,20%,yes
operators/understanding/olm/olm-arch.adoc,operators,4,4,0%,yes
post_installation_configuration/day_2_core_cnf_clusters/troubleshooting/troubleshooting-intro.adoc,post_installation_configuration,4,4,0%,yes
rest_api/overview/editing-kubelet-log-level-verbosity.adoc,rest_api,4,4,0%,yes
scalability_and_performance/cnf-performing-platform-verification-latency-tests.adoc,scalability_and_performance,16,4,75%,yes
scalability_and_performance/cnf-reserving-cpus-for-ovs-dpdk.adoc,scalability_and_performance,4,4,0%,no
security/cert_manager_operator/cert-manager-nw-policy.adoc,security,4,4,0%,yes
security/zero_trust_workload_identity_manager/zero-trust-manager-mesh-integration.adoc,security,4,4,0%,yes
service_mesh/v2x/installing-ossm.adoc,service_mesh,4,4,0%,yes
service_mesh/v2x/ossm-vs-community.adoc,service_mesh,4,4,0%,yes
service_mesh/v2x/prepare-to-deploy-applications-ossm.adoc,service_mesh,4,4,0%,yes
support/getting-support.adoc,support,5,4,20%,yes
support/index.adoc,support,4,4,0%,yes
support/troubleshooting/investigating-pod-issues.adoc,support,6,4,33%,yes
support/troubleshooting/troubleshooting-crio-issues.adoc,support,4,4,0%,yes
updating/troubleshooting_updates/gathering-data-cluster-update.adoc,updating,5,4,20%,yes
updating/updating_a_cluster/updating-hardware-on-nodes-running-on-vsphere.adoc,updating,4,4,0%,yes
virt/backup_restore/virt-disaster-recovery.adoc,virt,4,4,0%,yes
virt/creating_vm/virt-creating-vms-from-rh-images-overview.adoc,virt,4,4,0%,partial
virt/creating_vm/virt-creating-vms-from-templates.adoc,virt,4,4,0%,partial
virt/install/installing-virt.adoc,virt,4,4,0%,yes
virt/install/virt-install-ibm-cloud-bm-nodes.adoc,virt,4,4,0%,no
virt/live_migration/virt-configuring-live-migration.adoc,virt,4,4,0%,yes
virt/live_migration/virt-initiating-live-migration.adoc,virt,4,4,0%,yes
virt/managing_vms/virt-edit-boot-order.adoc,virt,4,4,0%,yes
virt/managing_vms/virt-list-vms.adoc,virt,4,4,0%,partial
virt/managing_vms/virt-update-virtio-drivers.adoc,virt,4,4,0%,partial
virt/post_installation_configuration/virt-node-placement-virt-components.adoc,virt,4,4,0%,partial
virt/storage/virt-preparing-cdi-scratch-space.adoc,virt,4,4,0%,yes
virt/vm_networking/virt-configuring-viewing-ips-for-vms.adoc,virt,4,4,0%,yes
virt/vm_networking/virt-using-dpdk-with-sriov.adoc,virt,4,4,0%,yes
windows_containers/scheduling-windows-workloads.adoc,windows_containers,5,4,20%,yes
windows_containers/windows-node-upgrades.adoc,windows_containers,4,4,0%,yes
applications/creating_applications/odc-creating-applications-using-developer-perspective.adoc,applications,7,3,57%,yes
applications/odc-monitoring-project-and-application-metrics-using-developer-perspective.adoc,applications,6,3,50%,partial
applications/projects/configuring-project-creation.adoc,applications,4,3,25%,yes
applications/quotas/quotas-setting-across-multiple-projects.adoc,applications,3,3,0%,yes
architecture/index.adoc,architecture,8,3,62%,yes
backup_and_restore/application_backup_and_restore/backing_up_and_restoring/restoring-applications.adoc,backup_and_restore,3,3,0%,yes
backup_and_restore/application_backup_and_restore/installing/configuring-oadp-multiple-bsl.adoc,backup_and_restore,3,3,0%,yes
backup_and_restore/application_backup_and_restore/installing/oadp-backup-restore-csi-snapshots.adoc,backup_and_restore,3,3,0%,yes
backup_and_restore/application_backup_and_restore/installing/overriding-kopia-algorithms.adoc,backup_and_restore,3,3,0%,yes
backup_and_restore/application_backup_and_restore/oadp-advanced-topics/oadp-different-kubernetes-api-versions.adoc,backup_and_restore,3,3,0%,yes
backup_and_restore/application_backup_and_restore/troubleshooting/pods-crash-or-restart-due-to-lack-of-memory-or-cpu.adoc,backup_and_restore,4,3,25%,partial
backup_and_restore/application_backup_and_restore/troubleshooting/restic-issues.adoc,backup_and_restore,3,3,0%,yes
backup_and_restore/control_plane_backup_and_restore/replacing-unhealthy-etcd-member.adoc,backup_and_restore,6,3,50%,yes
backup_and_restore/hibernating-cluster.adoc,backup_and_restore,3,3,0%,yes
cicd/builds/custom-builds-buildah.adoc,cicd,3,3,0%,yes
cicd/builds/managing-build-output.adoc,cicd,3,3,0%,yes
cicd/builds/securing-builds-by-strategy.adoc,cicd,3,3,0%,yes
cli_reference/cli_manager/cli-manager-install.adoc,cli_reference,3,3,0%,yes
cli_reference/openshift_cli/configuring-cli.adoc,cli_reference,3,3,0%,yes
edge_computing/image_base_install/ibi_deploying_sno_clusters/ibi-edge-image-based-install-standalone.adoc,edge_computing,3,3,0%,yes
edge_computing/image_based_upgrade/preparing_for_image_based_upgrade/cnf-image-based-upgrade-prep-resources.adoc,edge_computing,3,3,0%,yes
edge_computing/ztp-advanced-install-ztp.adoc,edge_computing,3,3,0%,yes
etcd/etcd-backup-restore/replace-unhealthy-etcd-member.adoc,etcd,5,3,40%,yes
extensions/arch/operator-controller.adoc,extensions,4,3,25%,yes
hardware_accelerators/amd-gpu-operator.adoc,hardware_accelerators,3,3,0%,yes
hosted_control_planes/hcp-disconnected/hcp-dc-monitor.adoc,hosted_control_planes,3,3,0%,no
hosted_control_planes/hcp-manage/hcp-manage-ibm-power.adoc,hosted_control_planes,3,3,0%,no
installing/overview/index.adoc,installing,7,3,57%,yes
machine_management/cluster_api_machine_management/cluster_api_provider_configurations/cluster-api-config-options-bare-metal.adoc,machine_management,3,3,0%,yes
machine_management/control_plane_machine_management/cpmso-disabling.adoc,machine_management,3,3,0%,yes
machine_management/control_plane_machine_management/cpmso-getting-started.adoc,machine_management,3,3,0%,yes
machine_management/control_plane_machine_management/cpmso-resiliency.adoc,machine_management,4,3,25%,yes
migrating_from_ocp_3_to_4/planning-considerations-3-4.adoc,migrating_from_ocp_3_to_4,3,3,0%,yes
networking/advanced_networking/network-bonding-considerations.adoc,networking,4,3,25%,yes
networking/advanced_networking/route_advertisements/about-route-advertisements.adoc,networking,3,3,0%,yes
networking/advanced_networking/using-sctp.adoc,networking,3,3,0%,yes
networking/configuring_network_settings/enable-cluster-wide-proxy.adoc,networking,3,3,0%,yes
networking/hardware_networks/configuring-sriov-net-attach.adoc,networking,13,3,77%,yes
networking/ingress_load_balancing/configuring_ingress_cluster_traffic/configuring-ingress-cluster-traffic-nodeport.adoc,networking,3,3,0%,yes
networking/k8s_nmstate/k8s-nmstate-troubleshooting-node-network.adoc,networking,5,3,40%,yes
networking/multiple_networks/secondary_networks/configuring-master-interface.adoc,networking,3,3,0%,yes
networking/ovn_kubernetes_network_provider/about-ovn-kubernetes.adoc,networking,3,3,0%,yes
networking/ovn_kubernetes_network_provider/ovn-kubernetes-tracing-using-ovntrace.adoc,networking,3,3,0%,yes
nodes/containers/nodes-containers-copying-files.adoc,nodes,3,3,0%,yes
nodes/nodes/nodes-nodes-viewing.adoc,nodes,3,3,0%,yes
nodes/nodes/nodes-nodes-working.adoc,nodes,6,3,50%,yes
nodes/pods/nodes-pods-using.adoc,nodes,3,3,0%,yes
observability/network_observability/network-observability-dns-resolution-analysis.adoc,observability,3,3,0%,yes
operators/admin/olm-deleting-operators-from-cluster.adoc,operators,3,3,0%,yes
operators/admin/olm-status.adoc,operators,3,3,0%,yes
operators/admin/olm-upgrading-operators.adoc,operators,3,3,0%,yes
operators/understanding/crds/crd-managing-resources-from-crds.adoc,operators,3,3,0%,yes
operators/understanding/olm-multitenancy.adoc,operators,3,3,0%,yes
post_installation_configuration/day_2_core_cnf_clusters/updating/update-api.adoc,post_installation_configuration,3,3,0%,yes
post_installation_configuration/day_2_core_cnf_clusters/updating/update-cnf-update-prep.adoc,post_installation_configuration,3,3,0%,yes
post_installation_configuration/day_2_core_cnf_clusters/updating/update-completing-the-z-stream-update.adoc,post_installation_configuration,3,3,0%,yes
post_installation_configuration/post-install-image-config.adoc,post_installation_configuration,4,3,25%,yes
post_installation_configuration/post-install-storage-configuration.adoc,post_installation_configuration,4,3,25%,yes
rest_api/overview/understanding-api-support-tiers.adoc,rest_api,3,3,0%,yes
security/compliance_operator/co-management/compliance-operator-updating.adoc,security,3,3,0%,yes
security/compliance_operator/co-scans/compliance-operator-checkresult-custom-metadata.adoc,security,3,3,0%,yes
security/file_integrity_operator/file-integrity-operator-updating.adoc,security,3,3,0%,yes
service_mesh/v2x/ossm-profiles-users.adoc,service_mesh,3,3,0%,yes
service_mesh/v2x/removing-ossm.adoc,service_mesh,3,3,0%,yes
storage/dynamic-provisioning.adoc,storage,14,3,79%,yes
storage/index.adoc,storage,4,3,25%,yes
support/remote_health_monitoring/remote-health-reporting-from-restricted-network.adoc,support,3,3,0%,yes
support/troubleshooting/investigating-monitoring-issues.adoc,support,3,3,0%,yes
support/troubleshooting/troubleshooting-windows-container-workload-issues.adoc,support,8,3,62%,yes
support/troubleshooting/verifying-node-health.adoc,support,3,3,0%,yes
tutorials/additional-tutorials.adoc,tutorials,3,3,0%,yes
vcp/vcp-installing-cluster.adoc,vcp,3,3,0%,no
virt/managing_vms/advanced_vm_management/virt-uefi-mode-for-vms.adoc,virt,3,3,0%,yes
virt/managing_vms/advanced_vm_management/virt-understanding-aaq-operator.adoc,virt,3,3,0%,yes
virt/managing_vms/virt-enabling-disabling-vm-delete-protection.adoc,virt,3,3,0%,yes
virt/managing_vms/virtual_disks/virt-expanding-vm-disks.adoc,virt,3,3,0%,yes
virt/managing_vms/virtual_disks/virt-migrating-storage-class.adoc,virt,3,3,0%,partial
virt/nodes/virt-activating-ksm.adoc,virt,3,3,0%,yes
virt/vm_networking/virt-accessing-vm-internal-fqdn.adoc,virt,3,3,0%,yes
virt/vm_networking/virt-configuring-physical-networks.adoc,virt,3,3,0%,no
virt/vm_networking/virt-connecting-vm-to-default-pod-network.adoc,virt,3,3,0%,yes
virt/vm_networking/virt-connecting-vm-to-ovn-secondary-network.adoc,virt,3,3,0%,yes
virt/vm_networking/virt-connecting-vm-to-sriov.adoc,virt,4,3,25%,yes
virt/vm_networking/virt-exposing-vm-with-service.adoc,virt,3,3,0%,yes
virt/vm_networking/virt-hot-plugging-network-interfaces.adoc,virt,3,3,0%,yes
virt/vm_networking/virt-hot-swap-vm-secondary-network.adoc,virt,3,3,0%,no
windows_containers/creating_windows_machinesets/creating-windows-machineset-vsphere.adoc,windows_containers,4,3,25%,yes
windows_containers/windows-containers-troubleshooting.adoc,windows_containers,8,3,62%,yes
ai_workloads/jobset_operator/jobset-uninstall.adoc,ai_workloads,2,2,0%,yes
ai_workloads/kueue/integrating-jobset.adoc,ai_workloads,2,2,0%,yes
ai_workloads/kueue/integrating-lws.adoc,ai_workloads,2,2,0%,yes
ai_workloads/kueue/managing-workloads.adoc,ai_workloads,2,2,0%,yes
ai_workloads/kueue/rbac-permissions.adoc,ai_workloads,2,2,0%,yes
ai_workloads/kueue/running-kueue-jobs.adoc,ai_workloads,2,2,0%,yes
ai_workloads/leader_worker_set/index.adoc,ai_workloads,2,2,0%,yes
ai_workloads/leader_worker_set/lws-managing.adoc,ai_workloads,2,2,0%,yes
ai_workloads/leader_worker_set/lws-uninstalling.adoc,ai_workloads,2,2,0%,yes
applications/index.adoc,applications,2,2,0%,yes
backup_and_restore/application_backup_and_restore/installing/configuring-backup-restore-pvc-datamover.adoc,backup_and_restore,2,2,0%,yes
backup_and_restore/application_backup_and_restore/installing/oadp-installing-operator.adoc,backup_and_restore,2,2,0%,yes
backup_and_restore/application_backup_and_restore/oadp-advanced-topics/oadp-storage-class-mapping-main.adoc,backup_and_restore,2,2,0%,yes
backup_and_restore/application_backup_and_restore/oadp-self-service/oadp-self-service-troubleshooting.adoc,backup_and_restore,2,2,0%,yes
backup_and_restore/application_backup_and_restore/oadp-use-cases/oadp-rosa-backup-restore.adoc,backup_and_restore,2,2,0%,yes
backup_and_restore/application_backup_and_restore/release-notes/oadp-1-6-release-notes.adoc,backup_and_restore,2,2,0%,no
backup_and_restore/application_backup_and_restore/troubleshooting/oadp-installation-issues.adoc,backup_and_restore,2,2,0%,yes
backup_and_restore/control_plane_backup_and_restore/replacing-healthy-etcd-member.adoc,backup_and_restore,6,2,67%,yes
cicd/builds/build-configuration.adoc,cicd,2,2,0%,yes
cicd/builds/troubleshooting-builds.adoc,cicd,2,2,0%,yes
cli_reference/cli_manager/cli-manager-release-notes.adoc,cli_reference,2,2,0%,yes
cli_reference/cli_manager/cli-manager-uninstall.adoc,cli_reference,2,2,0%,yes
cli_reference/openshift_cli/extending-cli-plugins.adoc,cli_reference,2,2,0%,yes
cli_reference/openshift_cli/usage-oc-kubectl.adoc,cli_reference,2,2,0%,yes
cli_reference/opm/cli-opm-install.adoc,cli_reference,2,2,0%,yes
edge_computing/image_based_upgrade/preparing_for_image_based_upgrade/cnf-image-based-upgrade-auto-image-cleanup.adoc,edge_computing,2,2,0%,yes
edge_computing/image_based_upgrade/preparing_for_image_based_upgrade/cnf-image-based-upgrade-generate-seed.adoc,edge_computing,2,2,0%,yes
edge_computing/image_based_upgrade/preparing_for_image_based_upgrade/cnf-image-based-upgrade-shared-container-partition.adoc,edge_computing,2,2,0%,yes
edge_computing/image_based_upgrade/preparing_for_image_based_upgrade/ztp-image-based-upgrade-prep-resources.adoc,edge_computing,2,2,0%,yes
edge_computing/sno_ip_configuration/cnf-troubleshooting-sno-ip-configuration.adoc,edge_computing,2,2,0%,no
edge_computing/ztp-using-hub-cluster-templates.adoc,edge_computing,2,2,0%,yes
etcd/etcd-backup-restore/replace-healthy-etcd-member.adoc,etcd,6,2,67%,yes
extensions/catalogs/creating-catalogs.adoc,extensions,2,2,0%,yes
extensions/ce/olmv1-supported-extensions.adoc,extensions,2,2,0%,no
extensions/index.adoc,extensions,2,2,0%,yes
hosted_control_planes/hcp-destroy/hcp-destroy-bm.adoc,hosted_control_planes,2,2,0%,no
hosted_control_planes/hcp-destroy/hcp-destroy-non-bm.adoc,hosted_control_planes,2,2,0%,no
hosted_control_planes/hcp-import.adoc,hosted_control_planes,4,2,50%,no
hosted_control_planes/hcp-prepare/hcp-override-resource-util.adoc,hosted_control_planes,2,2,0%,no
hosted_control_planes/hcp_high_availability/hcp-backup-restore-virt.adoc,hosted_control_planes,2,2,0%,no
hosted_control_planes/hcp_high_availability/hcp-recovering-etcd-cluster.adoc,hosted_control_planes,2,2,0%,no
installing/installing_ibm_cloud/installing-ibm-cloud-private.adoc,installing,20,2,90%,yes
installing/installing_ibm_powervs/installing-ibm-power-vs-private-cluster.adoc,installing,19,2,89%,yes
installing/installing_ibm_powervs/installing-restricted-networks-ibm-power-vs.adoc,installing,18,2,89%,yes
installing/overview/installing-preparing.adoc,installing,4,2,50%,yes
machine_configuration/mco-update-boot-skew-mgmt.adoc,machine_configuration,4,2,50%,no
machine_management/cluster_api_machine_management/cluster-api-about.adoc,machine_management,5,2,60%,yes
machine_management/cluster_api_machine_management/cluster_api_provider_configurations/cluster-api-config-options-azure.adoc,machine_management,2,2,0%,yes
machine_management/cluster_api_machine_management/cluster_api_provider_configurations/cluster-api-config-options-gcp.adoc,machine_management,2,2,0%,yes
machine_management/cluster_api_machine_management/cluster_api_provider_configurations/cluster-api-config-options-rhosp.adoc,machine_management,2,2,0%,yes
machine_management/cluster_api_machine_management/cluster_api_provider_configurations/cluster-api-config-options-vsphere.adoc,machine_management,2,2,0%,yes
machine_management/control_plane_machine_management/cpmso-about.adoc,machine_management,2,2,0%,yes
machine_management/control_plane_machine_management/cpmso_provider_configurations/cpmso-config-options-aws.adoc,machine_management,2,2,0%,yes
machine_management/control_plane_machine_management/cpmso_provider_configurations/cpmso-config-options-azure.adoc,machine_management,2,2,0%,yes
machine_management/control_plane_machine_management/cpmso_provider_configurations/cpmso-config-options-gcp.adoc,machine_management,2,2,0%,yes
machine_management/control_plane_machine_management/cpmso_provider_configurations/cpmso-config-options-nutanix.adoc,machine_management,3,2,33%,yes
machine_management/control_plane_machine_management/cpmso_provider_configurations/cpmso-config-options-openstack.adoc,machine_management,2,2,0%,yes
machine_management/control_plane_machine_management/cpmso_provider_configurations/cpmso-config-options-vsphere.adoc,machine_management,2,2,0%,yes
machine_management/control_plane_machine_management/cpmso_provider_configurations/cpmso-supported-features-gcp.adoc,machine_management,4,2,50%,yes
machine_management/control_plane_machine_management/cpmso_provider_configurations/cpmso-supported-features-vsphere.adoc,machine_management,2,2,0%,yes
machine_management/creating_machinesets/creating-machineset-gcp.adoc,machine_management,12,2,83%,yes
machine_management/creating_machinesets/creating-machineset-osp.adoc,machine_management,5,2,60%,yes
machine_management/deploying-machine-health-checks.adoc,machine_management,7,2,71%,yes
networking/advanced_networking/associating-secondary-interfaces-metrics-to-network-attachments.adoc,networking,3,2,33%,yes
networking/advanced_networking/bgp_evpn_udn/about-bgp-evpn-user-defined-networks.adoc,networking,2,2,0%,no
networking/advanced_networking/verifying-connectivity-endpoint.adoc,networking,5,2,60%,yes
networking/hardware_networks/configuring-sriov-device.adoc,networking,12,2,83%,yes
networking/ingress_load_balancing/configuring_ingress_cluster_traffic/configuring-ingress-cluster-traffic-load-balancer-allowed-source-ranges.adoc,networking,2,2,0%,yes
networking/ingress_load_balancing/configuring_ingress_cluster_traffic/ingress-controller-dnsmgt.adoc,networking,2,2,0%,yes
networking/ingress_load_balancing/configuring_ingress_cluster_traffic/overview-traffic.adoc,networking,2,2,0%,yes
networking/ingress_load_balancing/metallb/metallb-troubleshoot-support.adoc,networking,8,2,75%,partial
networking/networking_operators/dpu-operator/dpu-operator.adoc,networking,9,2,78%,yes
networking/networking_operators/metallb-operator/about-metallb.adoc,networking,10,2,80%,yes
nodes/containers/nodes-containers-remote-commands.adoc,nodes,2,2,0%,yes
observability/network_observability/installing-operators.adoc,observability,11,2,82%,yes
observability/network_observability/netobserv_cli/netobserv-cli-install.adoc,observability,2,2,0%,yes
observability/network_observability/network-observability-overview.adoc,observability,7,2,71%,yes
observability/network_observability/network-observability-secondary-networks.adoc,observability,2,2,0%,yes
observability/network_observability/understanding-network-observability-operator.adoc,observability,3,2,33%,yes
openshift_images/configuring-samples-operator.adoc,openshift_images,9,2,78%,yes
operators/admin/olm-adding-operators-to-cluster.adoc,operators,7,2,71%,yes
operators/admin/olm-configuring-proxy-support.adoc,operators,2,2,0%,yes
operators/admin/olm-managing-operatorconditions.adoc,operators,2,2,0%,yes
operators/understanding/olm-understanding-software-catalog.adoc,operators,2,2,0%,yes
operators/understanding/olm/olm-operatorconditions.adoc,operators,2,2,0%,yes
post_installation_configuration/configuring-multi-arch-compute-machines/multiarch-tuning-operator.adoc,post_installation_configuration,11,2,82%,yes
post_installation_configuration/day_2_core_cnf_clusters/troubleshooting/troubleshooting-cluster-maintenance.adoc,post_installation_configuration,2,2,0%,yes
post_installation_configuration/day_2_core_cnf_clusters/troubleshooting/troubleshooting-mco.adoc,post_installation_configuration,2,2,0%,yes
post_installation_configuration/day_2_core_cnf_clusters/updating/update-before-the-update.adoc,post_installation_configuration,5,2,60%,yes
post_installation_configuration/day_2_core_cnf_clusters/updating/update-rhacm-talm-preparing-policies.adoc,post_installation_configuration,2,2,0%,yes
post_installation_configuration/day_2_core_cnf_clusters/updating/update-rhacm-talm-worker-batching.adoc,post_installation_configuration,2,2,0%,yes
post_installation_configuration/day_2_core_cnf_clusters/updating/update-rhacm-talm-worker-management.adoc,post_installation_configuration,2,2,0%,yes
post_installation_configuration/day_2_core_cnf_clusters/updating/update-rhacm-talm-y-stream.adoc,post_installation_configuration,2,2,0%,yes
post_installation_configuration/preparing-for-users.adoc,post_installation_configuration,27,2,93%,yes
rest_api/overview/understanding-compatibility-guidelines.adoc,rest_api,3,2,33%,yes
scalability_and_performance/cluster-compare/advanced-ref-config-customization.adoc,scalability_and_performance,2,2,0%,yes
scalability_and_performance/cluster-compare/troubleshooting-cluster-comparisons.adoc,scalability_and_performance,2,2,0%,yes
scalability_and_performance/recommended-performance-scale-practices/recommended-infrastructure-practices.adoc,scalability_and_performance,4,2,50%,yes
security/cert_manager_operator/cert-manager-log-levels.adoc,security,2,2,0%,yes
security/cert_manager_operator/cert-manager-operator-release-notes.adoc,security,2,2,0%,yes
security/compliance_operator/co-management/compliance-operator-manage.adoc,security,2,2,0%,yes
security/compliance_operator/co-management/compliance-operator-uninstallation.adoc,security,2,2,0%,yes
security/compliance_operator/co-support.adoc,security,2,2,0%,yes
security/zero_trust_workload_identity_manager/zero-trust-manager-reconciliation.adoc,security,2,2,0%,yes
service_mesh/v2x/ossm-about.adoc,service_mesh,2,2,0%,yes
service_mesh/v2x/ossm-gateway-migration.adoc,service_mesh,2,2,0%,yes
service_mesh/v2x/ossm-performance-scalability.adoc,service_mesh,2,2,0%,yes
service_mesh/v2x/ossm-reference-kiali.adoc,service_mesh,2,2,0%,yes
storage/persistent_storage_local/persistent-storage-local.adoc,storage,19,2,89%,yes
support/remote_health_monitoring/showing-data-collected-by-remote-health-monitoring.adoc,support,2,2,0%,yes
tutorials/index.adoc,tutorials,2,2,0%,yes
updating/preparing_for_updates/updating-cluster-prepare.adoc,updating,10,2,80%,no
updating/updating_a_cluster/updating-bootloader-rhcos.adoc,updating,2,2,0%,yes
vcp/vcp-overview.adoc,vcp,2,2,0%,no
vcp/vcp-preparing-environment.adoc,vcp,2,2,0%,no
virt/backup_restore/virt-backup-restore-overview.adoc,virt,2,2,0%,yes
virt/getting_started/virt-getting-started.adoc,virt,3,2,33%,yes
virt/live_migration/virt-about-mtv-providers.adoc,virt,2,2,0%,yes
virt/managing_vms/advanced_vm_management/virt-configuring-usb-host-passthrough.adoc,virt,2,2,0%,yes
virt/managing_vms/advanced_vm_management/virt-dedicated-resources-vm.adoc,virt,2,2,0%,yes
virt/managing_vms/cpu_models/virt-choosing-cpu-models.adoc,virt,2,2,0%,no
virt/managing_vms/cpu_models/virt-configuring-default-cpu-model.adoc,virt,2,2,0%,partial
virt/managing_vms/ssh/virt-using-secondary-networks-ssh.adoc,virt,2,2,0%,yes
virt/managing_vms/virt-customize-web-console.adoc,virt,2,2,0%,no
virt/managing_vms/virt-delete-vms.adoc,virt,2,2,0%,yes
virt/managing_vms/virt-exporting-vms.adoc,virt,2,2,0%,yes
virt/managing_vms/virt-installing-qemu-guest-agent.adoc,virt,2,2,0%,yes
virt/managing_vms/virt-using-vtpm-devices.adoc,virt,2,2,0%,yes
virt/managing_vms/virtual_disks/virt-hot-plugging-virtual-disks.adoc,virt,2,2,0%,yes
virt/managing_vms/virtual_disks/virt-inserting-cd-roms-in-virtual-machines.adoc,virt,2,2,0%,yes
virt/nodes/virt-managing-node-labeling-obsolete-cpu-models.adoc,virt,2,2,0%,yes
virt/nodes/virt-node-maintenance.adoc,virt,2,2,0%,yes
virt/post_installation_configuration/virt-configuring-certificate-rotation.adoc,virt,2,2,0%,yes
virt/post_installation_configuration/virt-configuring-higher-vm-workload-density.adoc,virt,2,2,0%,no
virt/storage/virt-configuring-cdi-for-namespace-resourcequota.adoc,virt,2,2,0%,yes
virt/storage/virt-using-preallocation-for-datavolumes.adoc,virt,2,2,0%,yes
virt/vm_networking/virt-accessing-vm-secondary-network-fqdn.adoc,virt,2,2,0%,yes
virt/vm_networking/virt-dedicated-network-live-migration.adoc,virt,2,2,0%,yes
virt/vm_networking/virt-setting-interface-link-state.adoc,virt,2,2,0%,yes
virt/vm_networking/virt-using-mac-address-pool-for-vms.adoc,virt,2,2,0%,partial
web_console/customizing-the-web-console.adoc,web_console,19,2,89%,no
windows_containers/byoh-windows-instance.adoc,windows_containers,2,2,0%,yes
windows_containers/disabling-windows-container-workloads.adoc,windows_containers,2,2,0%,yes
windows_containers/understanding-windows-container-workloads.adoc,windows_containers,2,2,0%,yes
ai_workloads/index.adoc,ai_workloads,1,1,0%,yes
ai_workloads/jobset_operator/index.adoc,ai_workloads,1,1,0%,yes
ai_workloads/jobset_operator/jobset-install.adoc,ai_workloads,1,1,0%,yes
ai_workloads/jobset_operator/jobset-release-notes.adoc,ai_workloads,1,1,0%,yes
ai_workloads/kueue/configuring-fairsharing.adoc,ai_workloads,1,1,0%,yes
ai_workloads/kueue/gangscheduling.adoc,ai_workloads,1,1,0%,yes
ai_workloads/kueue/getting-support.adoc,ai_workloads,1,1,0%,yes
ai_workloads/kueue/using-cohorts.adoc,ai_workloads,1,1,0%,yes
ai_workloads/leader_worker_set/lws-release-notes.adoc,ai_workloads,1,1,0%,yes
applications/creating_applications/creating-apps-from-installed-operators.adoc,applications,1,1,0%,yes
applications/projects/creating-project-other-user.adoc,applications,2,1,50%,yes
backup_and_restore/application_backup_and_restore/backing_up_and_restoring/backing-up-applications.adoc,backup_and_restore,1,1,0%,yes
backup_and_restore/application_backup_and_restore/backing_up_and_restoring/oadp-backing-up-applications-restic-doc.adoc,backup_and_restore,1,1,0%,yes
backup_and_restore/application_backup_and_restore/backing_up_and_restoring/oadp-backing-up-pvs-csi-doc.adoc,backup_and_restore,1,1,0%,yes
backup_and_restore/application_backup_and_restore/installing/configuring-oadp-multiple-vsl.adoc,backup_and_restore,1,1,0%,yes
backup_and_restore/application_backup_and_restore/oadp-intro.adoc,backup_and_restore,1,1,0%,yes
backup_and_restore/application_backup_and_restore/oadp-use-cases/oadp-usecase-backup-using-odf.adoc,backup_and_restore,1,1,0%,yes
backup_and_restore/application_backup_and_restore/oadp-use-cases/oadp-usecase-enable-ca-cert.adoc,backup_and_restore,1,1,0%,yes
backup_and_restore/application_backup_and_restore/oadp-use-cases/oadp-usecase-legacy-aws-plugin.adoc,backup_and_restore,1,1,0%,yes
backup_and_restore/application_backup_and_restore/oadp-use-cases/oadp-usecase-restore-different-namespace.adoc,backup_and_restore,1,1,0%,yes
backup_and_restore/application_backup_and_restore/troubleshooting/oadp-operator-issues.adoc,backup_and_restore,1,1,0%,yes
backup_and_restore/control_plane_backup_and_restore/backing-up-etcd.adoc,backup_and_restore,4,1,75%,yes
backup_and_restore/control_plane_backup_and_restore/disaster_recovery/quorum-restoration.adoc,backup_and_restore,1,1,0%,yes
backup_and_restore/control_plane_backup_and_restore/disaster_recovery/scenario-3-expired-certs.adoc,backup_and_restore,1,1,0%,yes
backup_and_restore/graceful-cluster-restart.adoc,backup_and_restore,1,1,0%,yes
backup_and_restore/graceful-cluster-shutdown.adoc,backup_and_restore,1,1,0%,yes
cicd/builds/understanding-buildconfigs.adoc,cicd,1,1,0%,yes
cli_reference/cli_manager/index.adoc,cli_reference,1,1,0%,yes
cli_reference/index.adoc,cli_reference,1,1,0%,yes
cli_reference/openshift_cli/administrator-cli-commands.adoc,cli_reference,1,1,0%,yes
cli_reference/openshift_cli/developer-cli-commands.adoc,cli_reference,1,1,0%,yes
cli_reference/tkn_cli/op-configuring-tkn.adoc,cli_reference,1,1,0%,yes
etcd/etcd-backup-restore/etcd-backup.adoc,etcd,4,1,75%,yes
etcd/etcd-performance.adoc,etcd,17,1,94%,yes
hardware_accelerators/about-hardware-accelerators.adoc,hardware_accelerators,1,1,0%,yes
hardware_accelerators/gaudi-ai-accelerator.adoc,hardware_accelerators,1,1,0%,yes
hosted_control_planes/hcp-destroy/hcp-destroy-aws.adoc,hosted_control_planes,1,1,0%,no
hosted_control_planes/hcp-destroy/hcp-destroy-ibm-power.adoc,hosted_control_planes,1,1,0%,no
hosted_control_planes/hcp-destroy/hcp-destroy-ibmz.adoc,hosted_control_planes,1,1,0%,no
hosted_control_planes/hcp-destroy/hcp-destroy-openstack.adoc,hosted_control_planes,1,1,0%,no
hosted_control_planes/hcp-destroy/hcp-destroy-virt.adoc,hosted_control_planes,1,1,0%,no
hosted_control_planes/hcp_high_availability/about-hcp-ha.adoc,hosted_control_planes,1,1,0%,no
hosted_control_planes/hcp_high_availability/hcp-backup-etcd-snapshot.adoc,hosted_control_planes,5,1,80%,no
hosted_control_planes/hcp_high_availability/hcp-backup-restore-aws.adoc,hosted_control_planes,2,1,50%,no
hosted_control_planes/hcp_high_availability/hcp-backup-restore-on-premise.adoc,hosted_control_planes,2,1,50%,no
installing/installing_aws/ipi/installing-aws-multiarch-support.adoc,installing,1,1,0%,yes
installing/installing_aws/upi/installing-aws-multiarch-support-upi.adoc,installing,1,1,0%,yes
installing/installing_gcp/installing-gcp-multiarch-support.adoc,installing,1,1,0%,yes
installing/installing_ibm_cloud/installing-ibm-cloud-vpc.adoc,installing,18,1,94%,yes
installing/installing_ibm_power/installing-restricted-networks-ibm-power.adoc,installing,45,1,98%,yes
installing/installing_ibm_powervs/installing-ibm-powervs-vpc.adoc,installing,17,1,94%,yes
installing/installing_ibm_z/upi/installing-restricted-networks-ibm-z-kvm.adoc,installing,32,1,97%,yes
installing/installing_ibm_z/upi/installing-restricted-networks-ibm-z-lpar.adoc,installing,31,1,97%,yes
installing/installing_ibm_z/upi/installing-restricted-networks-ibm-z.adoc,installing,31,1,97%,yes
machine_configuration/mco-coreos-layering.adoc,machine_configuration,11,1,91%,yes
machine_configuration/mco-image-streams.adoc,machine_configuration,1,1,0%,no
machine_management/cluster_api_machine_management/cluster-api-disabling.adoc,machine_management,3,1,67%,yes
machine_management/cluster_api_machine_management/cluster-api-getting-started.adoc,machine_management,6,1,83%,yes
machine_management/cluster_api_machine_management/cluster-api-managing-machines.adoc,machine_management,2,1,50%,yes
machine_management/control_plane_machine_management/cpmso_provider_configurations/cpmso-supported-features-openstack.adoc,machine_management,1,1,0%,yes
machine_management/creating_machinesets/creating-machineset-azure-stack-hub.adoc,machine_management,5,1,80%,yes
machine_management/creating_machinesets/creating-machineset-nutanix.adoc,machine_management,5,1,80%,yes
machine_management/machine-phases-lifecycle.adoc,machine_management,4,1,75%,yes
networking/advanced_networking/bgp_routing/about-bgp-routing.adoc,networking,3,1,67%,yes
networking/advanced_networking/bgp_routing/disabling-bgp-routing.adoc,networking,1,1,0%,yes
networking/advanced_networking/bgp_routing/enabling-bgp-routing.adoc,networking,1,1,0%,yes
networking/advanced_networking/bgp_routing/migrating-frr-k8s-resources.adoc,networking,1,1,0%,yes
networking/advanced_networking/ptp/ptp-events-rest-api-reference-v2.adoc,networking,1,1,0%,yes
networking/advanced_networking/route_advertisements/disabling-route-advertisements.adoc,networking,1,1,0%,yes
networking/advanced_networking/route_advertisements/enabling-route-advertisements.adoc,networking,1,1,0%,yes
networking/advanced_networking/route_advertisements/example-route-advertisement-setup.adoc,networking,1,1,0%,yes
networking/hardware_networks/configure-lacp-for-sriov.adoc,networking,3,1,67%,yes
networking/hardware_networks/configuring-hardware-offloading.adoc,networking,10,1,90%,yes
networking/hardware_networks/switching-bf2-nic-dpu.adoc,networking,1,1,0%,yes
networking/ingress_load_balancing/configuring_ingress_cluster_traffic/configuring-ingress-cluster-patch-fields.adoc,networking,1,1,0%,yes
networking/ingress_load_balancing/configuring_ingress_cluster_traffic/configuring-ingress-cluster-traffic-service-external-ip.adoc,networking,1,1,0%,yes
networking/ingress_load_balancing/metallb/about-advertising-ipaddresspool.adoc,networking,13,1,92%,yes
networking/networking_operators/cluster-network-operator.adoc,networking,6,1,83%,yes
networking/networking_operators/dpf_operator/dpf-release-notes.adoc,networking,1,1,0%,no
networking/networking_operators/k8s-nmstate-about-the-k8s-nmstate-operator.adoc,networking,4,1,75%,yes
networking/networking_overview/accessing-hosts.adoc,networking,1,1,0%,yes
networking/ovn_kubernetes_network_provider/configuring-gateway.adoc,networking,1,1,0%,yes
nodes/clusters/nodes-cluster-enabling-features.adoc,nodes,4,1,75%,yes
nodes/cma/nodes-cma-rn/nodes-cma-autoscaling-custom-rn.adoc,nodes,1,1,0%,yes
nodes/scheduling/secondary_scheduler/nodes-secondary-scheduler-release-notes.adoc,nodes,1,1,0%,no
observability/network_observability/flowcollector-api.adoc,observability,1,1,0%,yes
observability/network_observability/flowmetric-api.adoc,observability,1,1,0%,yes
observability/network_observability/json-flows-format-reference.adoc,observability,1,1,0%,yes
observability/network_observability/netobserv_cli/netobserv-cli-reference.adoc,observability,1,1,0%,yes
openshift_images/samples-operator-alt-registry.adoc,openshift_images,8,1,88%,yes
operators/admin/olm-config.adoc,operators,1,1,0%,yes
operators/index.adoc,operators,1,1,0%,yes
operators/operator_sdk/token_auth/osdk-cco-azure.adoc,operators,1,1,0%,yes
operators/operator_sdk/token_auth/osdk-cco-gcp.adoc,operators,1,1,0%,yes
operators/understanding/olm-rh-catalogs.adoc,operators,2,1,50%,yes
operators/understanding/olm/olm-colocation.adoc,operators,1,1,0%,yes
operators/understanding/olm/olm-understanding-metrics.adoc,operators,1,1,0%,yes
operators/understanding/olm/olm-workflow.adoc,operators,1,1,0%,yes
operators/user/olm-creating-apps-from-installed-operators.adoc,operators,1,1,0%,yes
post_installation_configuration/configuring-alert-notifications.adoc,post_installation_configuration,1,1,0%,yes
post_installation_configuration/configuring-multi-arch-compute-machines/creating-multi-arch-compute-nodes-aws.adoc,post_installation_configuration,1,1,0%,yes
post_installation_configuration/configuring-multi-arch-compute-machines/creating-multi-arch-compute-nodes-ibm-z-kvm.adoc,post_installation_configuration,2,1,50%,yes
post_installation_configuration/configuring-multi-arch-compute-machines/creating-multi-arch-compute-nodes-ibm-z-lpar.adoc,post_installation_configuration,2,1,50%,yes
post_installation_configuration/configuring-multi-arch-compute-machines/creating-multi-arch-compute-nodes-ibm-z.adoc,post_installation_configuration,2,1,50%,yes
post_installation_configuration/day_2_core_cnf_clusters/troubleshooting/troubleshooting-security.adoc,post_installation_configuration,1,1,0%,yes
post_installation_configuration/day_2_core_cnf_clusters/updating/update-rhacm-talm-eus.adoc,post_installation_configuration,1,1,0%,yes
post_installation_configuration/day_2_core_cnf_clusters/updating/update-rhacm-talm-health-checks.adoc,post_installation_configuration,1,1,0%,yes
post_installation_configuration/day_2_core_cnf_clusters/updating/update-rhacm-talm-operator-coordination.adoc,post_installation_configuration,1,1,0%,yes
post_installation_configuration/day_2_core_cnf_clusters/updating/update-rhacm-talm-z-stream.adoc,post_installation_configuration,1,1,0%,yes
post_installation_configuration/day_2_core_cnf_clusters/updating/update-welcome.adoc,post_installation_configuration,1,1,0%,yes
post_installation_configuration/index.adoc,post_installation_configuration,1,1,0%,yes
scalability_and_performance/cluster-compare/understanding-the-cluster-compare-plugin.adoc,scalability_and_performance,2,1,50%,yes
scalability_and_performance/index.adoc,scalability_and_performance,3,1,67%,yes
security/cert_manager_operator/cert-manager-operator-proxy.adoc,security,1,1,0%,yes
security/external_secrets_management_console_plugin/external-secrets-console-plugin-delete.adoc,security,1,1,0%,no
security/external_secrets_management_console_plugin/external-secrets-console-plugin-install.adoc,security,1,1,0%,no
security/external_secrets_management_console_plugin/external-secrets-console-plugin-monitor.adoc,security,1,1,0%,no
security/external_secrets_management_console_plugin/external-secrets-console-plugin-release-notes.adoc,security,1,1,0%,no
security/external_secrets_management_console_plugin/external-secrets-console-plugin-uninstall.adoc,security,1,1,0%,no
security/external_secrets_operator/external-secrets-operator-proxy.adoc,security,1,1,0%,yes
security/file_integrity_operator/fio-support.adoc,security,1,1,0%,yes
security/file_integrity_operator/fio-uninstalling.adoc,security,1,1,0%,yes
security/security_profiles_operator/spo-support.adoc,security,1,1,0%,yes
security/security_profiles_operator/spo-troubleshooting.adoc,security,1,1,0%,yes
security/security_profiles_operator/spo-uninstalling.adoc,security,1,1,0%,yes
security/zero_trust_workload_identity_manager/zero-trust-manager-proxy.adoc,security,1,1,0%,yes
service_mesh/v2x/ossm-deploy-production.adoc,service_mesh,1,1,0%,yes
service_mesh/v2x/ossm-route-migration.adoc,service_mesh,1,1,0%,yes
service_mesh/v2x/preparing-ossm-installation.adoc,service_mesh,1,1,0%,yes
storage/container_storage_interface/persistent-storage-csi-aws-efs.adoc,storage,22,1,95%,yes
storage/container_storage_interface/persistent-storage-csi-ebs.adoc,storage,4,1,75%,no
storage/container_storage_interface/persistent-storage-csi-google-cloud-file.adoc,storage,8,1,88%,yes
storage/container_storage_interface/persistent-storage-csi-ibm-cloud-vpc-block.adoc,storage,3,1,67%,yes
storage/container_storage_interface/persistent-storage-csi-migration.adoc,storage,2,1,50%,yes
storage/container_storage_interface/persistent-storage-csi-sc-manage.adoc,storage,5,1,80%,yes
support/managing-cluster-resources.adoc,support,1,1,0%,yes
support/summarizing-cluster-specifications.adoc,support,1,1,0%,yes
support/troubleshooting/troubleshooting-s2i.adoc,support,3,1,67%,yes
support/troubleshooting/troubleshooting-storage-issues.adoc,support,1,1,0%,yes
virt/about_virt/virt-supported-limits.adoc,virt,1,1,0%,yes
virt/creating_vm/virt-creating-vms-aws-li-windows.adoc,virt,1,1,0%,yes
virt/live_migration/virt-configuring-cross-cluster-live-migration-network.adoc,virt,2,1,50%,yes
virt/managing_vms/advanced_vm_management/virt-about-multi-queue.adoc,virt,1,1,0%,yes
virt/managing_vms/advanced_vm_management/virt-assigning-compute-resources.adoc,virt,1,1,0%,yes
virt/managing_vms/advanced_vm_management/virt-configuring-pxe-booting.adoc,virt,2,1,50%,yes
virt/managing_vms/advanced_vm_management/virt-enabling-descheduler-evictions.adoc,virt,3,1,67%,yes
virt/managing_vms/advanced_vm_management/virt-using-huge-pages-with-vms.adoc,virt,2,1,50%,yes
virt/managing_vms/advanced_vm_management/virt-vm-control-plane-tuning.adoc,virt,1,1,0%,no
virt/managing_vms/ssh/virt-accessing-vm-ssh.adoc,virt,1,1,0%,yes
virt/managing_vms/virt-machine-management-with-the-mcp-server-for-openshift.adoc,virt,1,1,0%,no
virt/monitoring/virt-standalone-observability-controller.adoc,virt,1,1,0%,no
virt/nodes/virt-preventing-node-reconciliation.adoc,virt,1,1,0%,yes
virt/post_installation_configuration/virt-physical-cores-allocation-vms.adoc,virt,1,1,0%,yes
virt/post_installation_configuration/virt-post-install-storage-config.adoc,virt,1,1,0%,yes
virt/post_installation_configuration/virt-self-validation-checkups.adoc,virt,1,1,0%,no
virt/storage/virt-enabling-user-permissions-to-clone-datavolumes.adoc,virt,1,1,0%,yes
virt/storage/virt-managing-data-volume-annotations.adoc,virt,1,1,0%,yes
virt/storage/virt-reserving-pvc-space-fs-overhead.adoc,virt,1,1,0%,yes
virt/storage/virt-storage-with-csi-paradigm.adoc,virt,1,1,0%,yes
virt/vm_networking/virt-connecting-vm-to-service-mesh.adoc,virt,1,1,0%,yes
windows_containers/creating_windows_machinesets/creating-windows-machineset-aws.adoc,windows_containers,2,1,50%,yes
windows_containers/creating_windows_machinesets/creating-windows-machineset-azure.adoc,windows_containers,2,1,50%,yes
windows_containers/creating_windows_machinesets/creating-windows-machineset-gcp.adoc,windows_containers,2,1,50%,yes
windows_containers/creating_windows_machinesets/creating-windows-machineset-nutanix.adoc,windows_containers,2,1,50%,yes
windows_containers/index.adoc,windows_containers,1,1,0%,yes
windows_containers/removing-windows-nodes.adoc,windows_containers,1,1,0%,yes
