module_file,finding,nav_categories,nav_job_maps,source_assembly,other_distro_topic_maps,module_added_commit,module_added_subject
modules/hcp-cco-aws-sts.adoc,topic-map-entry-commented-out,secure,authentication-and-authorization-for-hosted-control-planes,hosted_control_planes/hcp-authentication-authorization.adoc,,15228caf8d,CQA: HCP authentication and authorization
modules/hcp-cco-verify-aws-sts.adoc,topic-map-entry-commented-out,secure,authentication-and-authorization-for-hosted-control-planes,hosted_control_planes/hcp-authentication-authorization.adoc,,b560dc42b2,CCO support in HCP on AWS
modules/hcp-configuring-oauth-console.adoc,topic-map-entry-commented-out,secure,authentication-and-authorization-for-hosted-control-planes,hosted_control_planes/hcp-authentication-authorization.adoc,,4289eca00e,OSDOCS#10460: Document configuring OAuth for the hosted cluster by using the web console
modules/hcp-configuring-oauth.adoc,topic-map-entry-commented-out,secure,authentication-and-authorization-for-hosted-control-planes,hosted_control_planes/hcp-authentication-authorization.adoc,,8a0bbda563,OCPBUGS#30087: Hosted control planes: OAuth configuration
modules/hcp-custom-cert.adoc,topic-map-entry-commented-out,secure,configure-certificates-for-hosted-control-planes,hosted_control_planes/hcp-certificates.adoc,,2a8133e80c,Config custom API server cert for a hosted cluster
modules/hcp-kube-api-server-cert.adoc,topic-map-entry-commented-out,secure,configure-certificates-for-hosted-control-planes,hosted_control_planes/hcp-certificates.adoc,,ec44b15045,Adding HCP certificates docs
modules/hcp-oauth-server-cert-about.adoc,topic-map-entry-commented-out,secure,configure-certificates-for-hosted-control-planes,hosted_control_planes/hcp-certificates.adoc,,b988a996ab,Adding OAuth server cert config docs for HCP
modules/hcp-oauth-server-cert.adoc,topic-map-entry-commented-out,secure,configure-certificates-for-hosted-control-planes,hosted_control_planes/hcp-certificates.adoc,,b988a996ab,Adding OAuth server cert config docs for HCP
modules/hcp-ts-custom-dns.adoc,topic-map-entry-commented-out,secure,configure-certificates-for-hosted-control-planes,hosted_control_planes/hcp-certificates.adoc,,ec44b15045,Adding HCP certificates docs
modules/hc-create-aws-multi-zones.adoc,topic-map-entry-commented-out,install,deploying-hosted-control-planes-on-aws,hosted_control_planes/hcp-deploy/hcp-deploy-aws.adoc,,30b048f6e4,OSDOCS#11004: Hosted control planes: Migrate AWS to OCP
modules/hcp-access-hc-aws.adoc,topic-map-entry-commented-out,install,deploying-hosted-control-planes-on-aws,hosted_control_planes/hcp-deploy/hcp-deploy-aws.adoc,,30b048f6e4,OSDOCS#11004: Hosted control planes: Migrate AWS to OCP
modules/hcp-access-priv-mgmt-aws.adoc,topic-map-entry-commented-out,install,deploying-hosted-control-planes-on-aws,hosted_control_planes/hcp-deploy/hcp-deploy-aws.adoc,,30b048f6e4,OSDOCS#11004: Hosted control planes: Migrate AWS to OCP
modules/hcp-aws-create-dns-hosted-zone.adoc,topic-map-entry-commented-out,install,deploying-hosted-control-planes-on-aws,hosted_control_planes/hcp-deploy/hcp-deploy-aws.adoc,,30b048f6e4,OSDOCS#11004: Hosted control planes: Migrate AWS to OCP
modules/hcp-aws-create-public-zone.adoc,topic-map-entry-commented-out,install,deploying-hosted-control-planes-on-aws,hosted_control_planes/hcp-deploy/hcp-deploy-aws.adoc,,30b048f6e4,OSDOCS#11004: Hosted control planes: Migrate AWS to OCP
modules/hcp-aws-create-role-sts-creds.adoc,topic-map-entry-commented-out,install,deploying-hosted-control-planes-on-aws,hosted_control_planes/hcp-deploy/hcp-deploy-aws.adoc,,30b048f6e4,OSDOCS#11004: Hosted control planes: Migrate AWS to OCP
modules/hcp-aws-create-secret-s3.adoc,topic-map-entry-commented-out,install,deploying-hosted-control-planes-on-aws,hosted_control_planes/hcp-deploy/hcp-deploy-aws.adoc,,30b048f6e4,OSDOCS#11004: Hosted control planes: Migrate AWS to OCP
modules/hcp-aws-deploy-hc.adoc,topic-map-entry-commented-out,install,deploying-hosted-control-planes-on-aws,hosted_control_planes/hcp-deploy/hcp-deploy-aws.adoc,,30b048f6e4,OSDOCS#11004: Hosted control planes: Migrate AWS to OCP
modules/hcp-aws-enable-ext-dns.adoc,topic-map-entry-commented-out,install,deploying-hosted-control-planes-on-aws,hosted_control_planes/hcp-deploy/hcp-deploy-aws.adoc,,30b048f6e4,OSDOCS#11004: Hosted control planes: Migrate AWS to OCP
modules/hcp-aws-enable-private-link.adoc,topic-map-entry-commented-out,install,deploying-hosted-control-planes-on-aws,hosted_control_planes/hcp-deploy/hcp-deploy-aws.adoc,,30b048f6e4,OSDOCS#11004: Hosted control planes: Migrate AWS to OCP
modules/hcp-aws-hc-ext-dns.adoc,topic-map-entry-commented-out,install,deploying-hosted-control-planes-on-aws,hosted_control_planes/hcp-deploy/hcp-deploy-aws.adoc,,30b048f6e4,OSDOCS#11004: Hosted control planes: Migrate AWS to OCP
modules/hcp-aws-prepare.adoc,topic-map-entry-commented-out,install,deploying-hosted-control-planes-on-aws,hosted_control_planes/hcp-deploy/hcp-deploy-aws.adoc,,30b048f6e4,OSDOCS#11004: Hosted control planes: Migrate AWS to OCP
modules/hcp-aws-prereqs.adoc,topic-map-entry-commented-out,install,deploying-hosted-control-planes-on-aws,hosted_control_planes/hcp-deploy/hcp-deploy-aws.adoc,,30b048f6e4,OSDOCS#11004: Hosted control planes: Migrate AWS to OCP
modules/hcp-aws-set-up-ext-dns.adoc,topic-map-entry-commented-out,install,deploying-hosted-control-planes-on-aws,hosted_control_planes/hcp-deploy/hcp-deploy-aws.adoc,,30b048f6e4,OSDOCS#11004: Hosted control planes: Migrate AWS to OCP
modules/hcp-create-hc-arm64-aws.adoc,topic-map-entry-commented-out,install,deploying-hosted-control-planes-on-aws,hosted_control_planes/hcp-deploy/hcp-deploy-aws.adoc,,30b048f6e4,OSDOCS#11004: Hosted control planes: Migrate AWS to OCP
modules/hcp-create-hc-aws.adoc,topic-map-entry-commented-out,install,deploying-hosted-control-planes-on-aws,hosted_control_planes/hcp-deploy/hcp-deploy-aws.adoc,,d91da25642,CQA: Creating and configuring a hosted cluster on AWS
modules/hcp-create-hc-multi-zone-aws-creds.adoc,topic-map-entry-commented-out,install,deploying-hosted-control-planes-on-aws,hosted_control_planes/hcp-deploy/hcp-deploy-aws.adoc,,30b048f6e4,OSDOCS#11004: Hosted control planes: Migrate AWS to OCP
modules/hcp-create-np-arm64-aws.adoc,topic-map-entry-commented-out,install,deploying-hosted-control-planes-on-aws,hosted_control_planes/hcp-deploy/hcp-deploy-aws.adoc,,30b048f6e4,OSDOCS#11004: Hosted control planes: Migrate AWS to OCP
modules/hcp-create-private-hc-aws.adoc,topic-map-entry-commented-out,install,deploying-hosted-control-planes-on-aws,hosted_control_planes/hcp-deploy/hcp-deploy-aws.adoc,,30b048f6e4,OSDOCS#11004: Hosted control planes: Migrate AWS to OCP
modules/hcp-enable-arm-amd.adoc,topic-map-entry-commented-out,install,deploying-hosted-control-planes-on-aws,hosted_control_planes/hcp-deploy/hcp-deploy-aws.adoc,,30b048f6e4,OSDOCS#11004: Hosted control planes: Migrate AWS to OCP
modules/hcp-cluster-capabilities-proc.adoc,topic-map-entry-commented-out,install,deploying-hosted-control-planes-on-aws;deploying-hosted-control-planes-on-bare-metal-with-the-agent-platform;deploying-hosted-control-planes-on-ibm-power;deploying-hosted-control-planes-on-ibm-z;deploying-hosted-control-planes-on-non-bare-metal-agent-machines;deploying-hosted-control-planes-on-openshift-virtualization,hosted_control_planes/hcp-deploy/hcp-deploy-aws.adoc;hosted_control_planes/hcp-deploy/hcp-deploy-azure.adoc;hosted_control_planes/hcp-deploy/hcp-deploy-bm.adoc;hosted_control_planes/hcp-deploy/hcp-deploy-ibm-power.adoc;hosted_control_planes/hcp-deploy/hcp-deploy-ibmz.adoc;hosted_control_planes/hcp-deploy/hcp-deploy-non-bm.adoc;hosted_control_planes/hcp-deploy/hcp-deploy-virt.adoc,,6cc5342fef,Adding docs about cluster capabilities for HCP
modules/hcp-cluster-capabilities-ref.adoc,topic-map-entry-commented-out,install,deploying-hosted-control-planes-on-aws;deploying-hosted-control-planes-on-bare-metal-with-the-agent-platform;deploying-hosted-control-planes-on-ibm-power;deploying-hosted-control-planes-on-ibm-z;deploying-hosted-control-planes-on-non-bare-metal-agent-machines;deploying-hosted-control-planes-on-openshift-virtualization,hosted_control_planes/hcp-deploy/hcp-deploy-aws.adoc;hosted_control_planes/hcp-deploy/hcp-deploy-azure.adoc;hosted_control_planes/hcp-deploy/hcp-deploy-bm.adoc;hosted_control_planes/hcp-deploy/hcp-deploy-ibm-power.adoc;hosted_control_planes/hcp-deploy/hcp-deploy-ibmz.adoc;hosted_control_planes/hcp-deploy/hcp-deploy-non-bm.adoc;hosted_control_planes/hcp-deploy/hcp-deploy-virt.adoc,,6cc5342fef,Adding docs about cluster capabilities for HCP
modules/hcp-cluster-capabilities.adoc,topic-map-entry-commented-out,install,deploying-hosted-control-planes-on-aws;deploying-hosted-control-planes-on-bare-metal-with-the-agent-platform;deploying-hosted-control-planes-on-ibm-power;deploying-hosted-control-planes-on-ibm-z;deploying-hosted-control-planes-on-non-bare-metal-agent-machines;deploying-hosted-control-planes-on-openshift-virtualization,hosted_control_planes/hcp-deploy/hcp-deploy-aws.adoc;hosted_control_planes/hcp-deploy/hcp-deploy-azure.adoc;hosted_control_planes/hcp-deploy/hcp-deploy-bm.adoc;hosted_control_planes/hcp-deploy/hcp-deploy-ibm-power.adoc;hosted_control_planes/hcp-deploy/hcp-deploy-ibmz.adoc;hosted_control_planes/hcp-deploy/hcp-deploy-non-bm.adoc;hosted_control_planes/hcp-deploy/hcp-deploy-virt.adoc,,6cc5342fef,Adding docs about cluster capabilities for HCP
modules/hcp-custom-dns.adoc,topic-map-entry-commented-out,install,deploying-hosted-control-planes-on-aws;deploying-hosted-control-planes-on-bare-metal-with-the-agent-platform;deploying-hosted-control-planes-on-ibm-power;deploying-hosted-control-planes-on-ibm-z;deploying-hosted-control-planes-on-non-bare-metal-agent-machines;deploying-hosted-control-planes-on-openshift-virtualization,hosted_control_planes/hcp-deploy/hcp-deploy-aws.adoc;hosted_control_planes/hcp-deploy/hcp-deploy-bm.adoc;hosted_control_planes/hcp-deploy/hcp-deploy-ibm-power.adoc;hosted_control_planes/hcp-deploy/hcp-deploy-ibmz.adoc;hosted_control_planes/hcp-deploy/hcp-deploy-non-bm.adoc;hosted_control_planes/hcp-deploy/hcp-deploy-virt.adoc,,de30d3cf72,Custom KubeAPI name
modules/hcp-bm-add-nodes-to-inventory.adoc,topic-map-entry-commented-out,install,deploying-hosted-control-planes-on-bare-metal-with-the-agent-platform,hosted_control_planes/hcp-deploy/hcp-deploy-bm.adoc,,47ad0186aa,Adding bare metal infra docs for HCP
modules/hcp-bm-create-infra-console.adoc,topic-map-entry-commented-out,install,deploying-hosted-control-planes-on-bare-metal-with-the-agent-platform,hosted_control_planes/hcp-deploy/hcp-deploy-bm.adoc,,47ad0186aa,Adding bare metal infra docs for HCP
modules/hcp-bm-hc-console.adoc,topic-map-entry-commented-out,install,deploying-hosted-control-planes-on-bare-metal-with-the-agent-platform,hosted_control_planes/hcp-deploy/hcp-deploy-bm.adoc,,401ce1b828,Moving HCP bare metal content to OCP repo
modules/hcp-bm-hc-create.adoc,topic-map-entry-commented-out,install,deploying-hosted-control-planes-on-bare-metal-with-the-agent-platform,hosted_control_planes/hcp-deploy/hcp-deploy-bm.adoc,,22db32a882,CQA: Deploying HCP on bare metal
modules/hcp-bm-hc-mirror.adoc,topic-map-entry-commented-out,install,deploying-hosted-control-planes-on-bare-metal-with-the-agent-platform,hosted_control_planes/hcp-deploy/hcp-deploy-bm.adoc,,401ce1b828,Moving HCP bare metal content to OCP repo
modules/hcp-bm-infra-reqs.adoc,topic-map-entry-commented-out,install,deploying-hosted-control-planes-on-bare-metal-with-the-agent-platform,hosted_control_planes/hcp-deploy/hcp-deploy-bm.adoc,,401ce1b828,Moving HCP bare metal content to OCP repo
modules/hcp-bm-infraenv.adoc,topic-map-entry-commented-out,install,deploying-hosted-control-planes-on-bare-metal-with-the-agent-platform,hosted_control_planes/hcp-deploy/hcp-deploy-bm.adoc,,22db32a882,CQA: Deploying HCP on bare metal
modules/hcp-bm-overview.adoc,topic-map-entry-commented-out,install,deploying-hosted-control-planes-on-bare-metal-with-the-agent-platform,hosted_control_planes/hcp-deploy/hcp-deploy-bm.adoc,,22db32a882,CQA: Deploying HCP on bare metal
modules/hcp-bm-prepare.adoc,topic-map-entry-commented-out,install,deploying-hosted-control-planes-on-bare-metal-with-the-agent-platform,hosted_control_planes/hcp-deploy/hcp-deploy-bm.adoc,,401ce1b828,Moving HCP bare metal content to OCP repo
modules/hcp-bm-prereqs.adoc,topic-map-entry-commented-out,install,deploying-hosted-control-planes-on-bare-metal-with-the-agent-platform,hosted_control_planes/hcp-deploy/hcp-deploy-bm.adoc,,401ce1b828,Moving HCP bare metal content to OCP repo
modules/hcp-bm-verify.adoc,topic-map-entry-commented-out,install,deploying-hosted-control-planes-on-bare-metal-with-the-agent-platform,hosted_control_planes/hcp-deploy/hcp-deploy-bm.adoc,,401ce1b828,Moving HCP bare metal content to OCP repo
modules/hcp-bm-hc.adoc,topic-map-entry-commented-out,install,deploying-hosted-control-planes-on-bare-metal-with-the-agent-platform;deploying-hosted-control-planes-on-ibm-power,hosted_control_planes/hcp-deploy/hcp-deploy-bm.adoc;hosted_control_planes/hcp-deploy/hcp-deploy-ibm-power.adoc,,401ce1b828,Moving HCP bare metal content to OCP repo
modules/hcp-bm-dns.adoc,topic-map-entry-commented-out,install,deploying-hosted-control-planes-in-a-disconnected-environment;deploying-hosted-control-planes-on-bare-metal-with-the-agent-platform,hosted_control_planes/hcp-deploy/hcp-deploy-bm.adoc;hosted_control_planes/hcp-disconnected/hcp-deploy-dc-bm.adoc,,401ce1b828,Moving HCP bare metal content to OCP repo
modules/hcp-bm-firewall-port-svc-reqs.adoc,topic-map-entry-commented-out,configure;install,deploying-hosted-control-planes-on-bare-metal-with-the-agent-platform;networks-for-hosted-control-planes,hosted_control_planes/hcp-deploy/hcp-deploy-bm.adoc;hosted_control_planes/hcp-networking.adoc,,401ce1b828,Moving HCP bare metal content to OCP repo
modules/hcp-adding-agents.adoc,topic-map-entry-commented-out,install,deploying-hosted-control-planes-on-ibm-power,hosted_control_planes/hcp-deploy/hcp-deploy-ibm-power.adoc,,dfe800fe6f,HCP docs update for IBM Power
modules/hcp-create-heterogeneous-nodepools.adoc,topic-map-entry-commented-out,install;troubleshoot,deploying-hosted-control-planes-on-ibm-power;troubleshoot-node-performance-issues-collect-node-profiling-data,hosted_control_planes/hcp-deploy/hcp-deploy-ibm-power.adoc,,dfe800fe6f,HCP docs update for IBM Power
modules/hcp-create-infraenv.adoc,topic-map-entry-commented-out,install,deploying-hosted-control-planes-on-ibm-power,hosted_control_planes/hcp-deploy/hcp-deploy-ibm-power.adoc,,dfe800fe6f,HCP docs update for IBM Power
modules/hcp-ibm-power-create-heterogeneous-nodepools-agent-hc-con.adoc,topic-map-entry-commented-out,install,deploying-hosted-control-planes-on-ibm-power,hosted_control_planes/hcp-deploy/hcp-deploy-ibm-power.adoc,,dfe800fe6f,HCP docs update for IBM Power
modules/hcp-ibm-power-create-heterogeneous-nodepools-agent-hc.adoc,topic-map-entry-commented-out,install,deploying-hosted-control-planes-on-ibm-power,hosted_control_planes/hcp-deploy/hcp-deploy-ibm-power.adoc,,dfe800fe6f,HCP docs update for IBM Power
modules/hcp-ibm-power-dns.adoc,topic-map-entry-commented-out,install,deploying-hosted-control-planes-on-ibm-power,hosted_control_planes/hcp-deploy/hcp-deploy-ibm-power.adoc,,d7d03926a7,bugfix: ibm-power filename consistency
modules/hcp-ibm-power-heterogeneous-nodepools-agent-hc-dns.adoc,topic-map-entry-commented-out,install,deploying-hosted-control-planes-on-ibm-power,hosted_control_planes/hcp-deploy/hcp-deploy-ibm-power.adoc,,dfe800fe6f,HCP docs update for IBM Power
modules/hcp-ibm-power-heterogeneous-nodepools-create-agent-cluster.adoc,topic-map-entry-commented-out,install,deploying-hosted-control-planes-on-ibm-power,hosted_control_planes/hcp-deploy/hcp-deploy-ibm-power.adoc,,dfe800fe6f,HCP docs update for IBM Power
modules/hcp-ibm-power-infra-reqs.adoc,topic-map-entry-commented-out,install,deploying-hosted-control-planes-on-ibm-power,hosted_control_planes/hcp-deploy/hcp-deploy-ibm-power.adoc,,d7d03926a7,bugfix: ibm-power filename consistency
modules/hcp-ibm-power-prereqs.adoc,topic-map-entry-commented-out,install,deploying-hosted-control-planes-on-ibm-power,hosted_control_planes/hcp-deploy/hcp-deploy-ibm-power.adoc,,d7d03926a7,bugfix: ibm-power filename consistency
modules/hcp-scale-the-nodepool.adoc,topic-map-entry-commented-out,install,deploying-hosted-control-planes-on-ibm-power,hosted_control_planes/hcp-deploy/hcp-deploy-ibm-power.adoc,,dfe800fe6f,HCP docs update for IBM Power
modules/hcp-ibm-z-dns.adoc,topic-map-entry-commented-out,install,deploying-hosted-control-planes-on-ibm-z,hosted_control_planes/hcp-deploy/hcp-deploy-ibmz.adoc,,de636704b0,sync ibm z file names
modules/hcp-ibm-z-infra-reqs.adoc,topic-map-entry-commented-out,install,deploying-hosted-control-planes-on-ibm-z,hosted_control_planes/hcp-deploy/hcp-deploy-ibmz.adoc,,de636704b0,sync ibm z file names
modules/hcp-ibm-z-infraenv.adoc,topic-map-entry-commented-out,install,deploying-hosted-control-planes-on-ibm-z,hosted_control_planes/hcp-deploy/hcp-deploy-ibmz.adoc,,de636704b0,sync ibm z file names
modules/hcp-ibm-z-kvm-agents.adoc,topic-map-entry-commented-out,install,deploying-hosted-control-planes-on-ibm-z,hosted_control_planes/hcp-deploy/hcp-deploy-ibmz.adoc,,de636704b0,sync ibm z file names
modules/hcp-ibm-z-lpar-agents.adoc,topic-map-entry-commented-out,install,deploying-hosted-control-planes-on-ibm-z,hosted_control_planes/hcp-deploy/hcp-deploy-ibmz.adoc,,de636704b0,sync ibm z file names
modules/hcp-ibm-z-prereqs.adoc,topic-map-entry-commented-out,install,deploying-hosted-control-planes-on-ibm-z,hosted_control_planes/hcp-deploy/hcp-deploy-ibmz.adoc,,de636704b0,sync ibm z file names
modules/hcp-ibm-z-scale-np.adoc,topic-map-entry-commented-out,install,deploying-hosted-control-planes-on-ibm-z,hosted_control_planes/hcp-deploy/hcp-deploy-ibmz.adoc,,de636704b0,sync ibm z file names
modules/hcp-ibm-z-zvm-agents.adoc,topic-map-entry-commented-out,install,deploying-hosted-control-planes-on-ibm-z,hosted_control_planes/hcp-deploy/hcp-deploy-ibmz.adoc,,de636704b0,sync ibm z file names
modules/hcp-ibmz-create-hc.adoc,topic-map-entry-commented-out,install,deploying-hosted-control-planes-on-ibm-z,hosted_control_planes/hcp-deploy/hcp-deploy-ibmz.adoc,,109f7ba0a1,Adding procedure to create hosted clusters on IBM Z
modules/hcp-non-bm-dns.adoc,topic-map-entry-commented-out,install,deploying-hosted-control-planes-on-non-bare-metal-agent-machines,hosted_control_planes/hcp-deploy/hcp-deploy-non-bm.adoc,,a8649aad4b,OSDOCS#11568: Migrating Configuring HCP using non bare metal agent machines from ACM to OCP
modules/hcp-non-bm-hc-console.adoc,topic-map-entry-commented-out,install,deploying-hosted-control-planes-on-non-bare-metal-agent-machines,hosted_control_planes/hcp-deploy/hcp-deploy-non-bm.adoc,,a8649aad4b,OSDOCS#11568: Migrating Configuring HCP using non bare metal agent machines from ACM to OCP
modules/hcp-non-bm-hc-mirror.adoc,topic-map-entry-commented-out,install,deploying-hosted-control-planes-on-non-bare-metal-agent-machines,hosted_control_planes/hcp-deploy/hcp-deploy-non-bm.adoc,,a8649aad4b,OSDOCS#11568: Migrating Configuring HCP using non bare metal agent machines from ACM to OCP
modules/hcp-non-bm-hc.adoc,topic-map-entry-commented-out,install,deploying-hosted-control-planes-on-non-bare-metal-agent-machines,hosted_control_planes/hcp-deploy/hcp-deploy-non-bm.adoc,,a8649aad4b,OSDOCS#11568: Migrating Configuring HCP using non bare metal agent machines from ACM to OCP
modules/hcp-non-bm-infra-reqs.adoc,topic-map-entry-commented-out,install,deploying-hosted-control-planes-on-non-bare-metal-agent-machines,hosted_control_planes/hcp-deploy/hcp-deploy-non-bm.adoc,,a8649aad4b,OSDOCS#11568: Migrating Configuring HCP using non bare metal agent machines from ACM to OCP
modules/hcp-non-bm-prepare.adoc,topic-map-entry-commented-out,install,deploying-hosted-control-planes-on-non-bare-metal-agent-machines,hosted_control_planes/hcp-deploy/hcp-deploy-non-bm.adoc,,a8649aad4b,OSDOCS#11568: Migrating Configuring HCP using non bare metal agent machines from ACM to OCP
modules/hcp-non-bm-prereqs.adoc,topic-map-entry-commented-out,install,deploying-hosted-control-planes-on-non-bare-metal-agent-machines,hosted_control_planes/hcp-deploy/hcp-deploy-non-bm.adoc,,a8649aad4b,OSDOCS#11568: Migrating Configuring HCP using non bare metal agent machines from ACM to OCP
modules/hcp-non-bm-verify.adoc,topic-map-entry-commented-out,install,deploying-hosted-control-planes-on-non-bare-metal-agent-machines,hosted_control_planes/hcp-deploy/hcp-deploy-non-bm.adoc,,a8649aad4b,OSDOCS#11568: Migrating Configuring HCP using non bare metal agent machines from ACM to OCP
modules/hcp-non-bm-firewall-port-svc-reqs.adoc,topic-map-entry-commented-out,configure;install,deploying-hosted-control-planes-on-non-bare-metal-agent-machines;networks-for-hosted-control-planes,hosted_control_planes/hcp-deploy/hcp-deploy-non-bm.adoc;hosted_control_planes/hcp-networking.adoc,,a8649aad4b,OSDOCS#11568: Migrating Configuring HCP using non bare metal agent machines from ACM to OCP
modules/hcp-deploy-openstack-create.adoc,topic-map-entry-commented-out,install,deploying-hosted-control-planes-on-openstack,hosted_control_planes/hcp-deploy/hcp-deploy-openstack.adoc,,297cd633ec,OSDOCS-14600: HyperShiftStack TP
modules/hcp-deploy-openstack-parameters.adoc,topic-map-entry-commented-out,install,deploying-hosted-control-planes-on-openstack,hosted_control_planes/hcp-deploy/hcp-deploy-openstack.adoc,,297cd633ec,OSDOCS-14600: HyperShiftStack TP
modules/hosted-clusters-openstack-create-floating-ip.adoc,topic-map-entry-commented-out,install,deploying-hosted-control-planes-on-openstack,hosted_control_planes/hcp-deploy/hcp-deploy-openstack.adoc,,297cd633ec,OSDOCS-14600: HyperShiftStack TP
modules/hosted-clusters-openstack-prepare-etcd.adoc,topic-map-entry-commented-out,install;troubleshoot,deploying-hosted-control-planes-on-openstack;move-etcd-to-a-different-disk,hosted_control_planes/hcp-deploy/hcp-deploy-openstack.adoc,,297cd633ec,OSDOCS-14600: HyperShiftStack TP
modules/hosted-clusters-openstack-prerequisites.adoc,topic-map-entry-commented-out,install,deploying-hosted-control-planes-on-openstack,hosted_control_planes/hcp-deploy/hcp-deploy-openstack.adoc,,297cd633ec,OSDOCS-14600: HyperShiftStack TP
modules/hosted-clusters-openstack-upload-rhcos.adoc,topic-map-entry-commented-out,install,deploying-hosted-control-planes-on-openstack,hosted_control_planes/hcp-deploy/hcp-deploy-openstack.adoc,,297cd633ec,OSDOCS-14600: HyperShiftStack TP
modules/hcp-metallb.adoc,topic-map-entry-commented-out,install,deploying-hosted-control-planes-on-openshift-virtualization,hosted_control_planes/hcp-deploy/hcp-deploy-virt.adoc,,f11ddc78ac,Move HCP virt content to OCP
modules/hcp-virt-add-networks.adoc,topic-map-entry-commented-out,install,deploying-hosted-control-planes-on-openshift-virtualization,hosted_control_planes/hcp-deploy/hcp-deploy-virt.adoc,,f11ddc78ac,Move HCP virt content to OCP
modules/hcp-virt-add-node.adoc,topic-map-entry-commented-out,install,deploying-hosted-control-planes-on-openshift-virtualization,hosted_control_planes/hcp-deploy/hcp-deploy-virt.adoc,,f11ddc78ac,Move HCP virt content to OCP
modules/hcp-virt-addl-config.adoc,topic-map-entry-commented-out,install,deploying-hosted-control-planes-on-openshift-virtualization,hosted_control_planes/hcp-deploy/hcp-deploy-virt.adoc,,188a46cd64,CQA: Deploying HCP on OpenShift Virtualization
modules/hcp-virt-addl-network.adoc,topic-map-entry-commented-out,install,deploying-hosted-control-planes-on-openshift-virtualization,hosted_control_planes/hcp-deploy/hcp-deploy-virt.adoc,,f11ddc78ac,Move HCP virt content to OCP
modules/hcp-virt-create-hc-console.adoc,topic-map-entry-commented-out,install,deploying-hosted-control-planes-on-openshift-virtualization,hosted_control_planes/hcp-deploy/hcp-deploy-virt.adoc,,f11ddc78ac,Move HCP virt content to OCP
modules/hcp-virt-create-hc-ext-infra.adoc,topic-map-entry-commented-out,install,deploying-hosted-control-planes-on-openshift-virtualization,hosted_control_planes/hcp-deploy/hcp-deploy-virt.adoc,,f11ddc78ac,Move HCP virt content to OCP
modules/hcp-virt-create-hc.adoc,topic-map-entry-commented-out,install,deploying-hosted-control-planes-on-openshift-virtualization,hosted_control_planes/hcp-deploy/hcp-deploy-virt.adoc,,188a46cd64,CQA: Deploying HCP on OpenShift Virtualization
modules/hcp-virt-guaranteed-cpus.adoc,topic-map-entry-commented-out,install,deploying-hosted-control-planes-on-openshift-virtualization,hosted_control_planes/hcp-deploy/hcp-deploy-virt.adoc,,f11ddc78ac,Move HCP virt content to OCP
modules/hcp-virt-ingress-dns-custom.adoc,topic-map-entry-commented-out,install,deploying-hosted-control-planes-on-openshift-virtualization,hosted_control_planes/hcp-deploy/hcp-deploy-virt.adoc,,188a46cd64,CQA: Deploying HCP on OpenShift Virtualization
modules/hcp-virt-live-migration.adoc,topic-map-entry-commented-out,install,deploying-hosted-control-planes-on-openshift-virtualization,hosted_control_planes/hcp-deploy/hcp-deploy-virt.adoc,,f02f94665f,Adding live migration docs
modules/hcp-virt-scale-nodepool.adoc,topic-map-entry-commented-out,install,deploying-hosted-control-planes-on-openshift-virtualization,hosted_control_planes/hcp-deploy/hcp-deploy-virt.adoc,,f11ddc78ac,Move HCP virt content to OCP
modules/hcp-virt-sched-vms.adoc,topic-map-entry-commented-out,install,deploying-hosted-control-planes-on-openshift-virtualization,hosted_control_planes/hcp-deploy/hcp-deploy-virt.adoc,,f11ddc78ac,Move HCP virt content to OCP
modules/hcp-virt-verify-hc.adoc,topic-map-entry-commented-out,install,deploying-hosted-control-planes-on-openshift-virtualization,hosted_control_planes/hcp-deploy/hcp-deploy-virt.adoc,,f11ddc78ac,Move HCP virt content to OCP
modules/hcp-virt-create-hc-cli.adoc,topic-map-entry-commented-out,install,deploying-hosted-control-planes-in-a-disconnected-environment;deploying-hosted-control-planes-on-openshift-virtualization,hosted_control_planes/hcp-deploy/hcp-deploy-virt.adoc;hosted_control_planes/hcp-disconnected/hcp-deploy-dc-virt.adoc,,f11ddc78ac,Move HCP virt content to OCP
modules/hcp-virt-hc-base-domain.adoc,topic-map-entry-commented-out,install,deploying-hosted-control-planes-in-a-disconnected-environment;deploying-hosted-control-planes-on-openshift-virtualization,hosted_control_planes/hcp-deploy/hcp-deploy-virt.adoc;hosted_control_planes/hcp-disconnected/hcp-deploy-dc-virt.adoc,,f11ddc78ac,Move HCP virt content to OCP
modules/hcp-virt-ingress-dns.adoc,topic-map-entry-commented-out,install,deploying-hosted-control-planes-in-a-disconnected-environment;deploying-hosted-control-planes-on-openshift-virtualization,hosted_control_planes/hcp-deploy/hcp-deploy-virt.adoc;hosted_control_planes/hcp-disconnected/hcp-deploy-dc-virt.adoc,,f11ddc78ac,Move HCP virt content to OCP
modules/hcp-virt-load-balancer.adoc,topic-map-entry-commented-out,install,deploying-hosted-control-planes-in-a-disconnected-environment;deploying-hosted-control-planes-on-openshift-virtualization,hosted_control_planes/hcp-deploy/hcp-deploy-virt.adoc;hosted_control_planes/hcp-disconnected/hcp-deploy-dc-virt.adoc,,f11ddc78ac,Move HCP virt content to OCP
modules/hcp-virt-prereqs.adoc,topic-map-entry-commented-out,install,deploying-hosted-control-planes-in-a-disconnected-environment;deploying-hosted-control-planes-on-openshift-virtualization,hosted_control_planes/hcp-deploy/hcp-deploy-virt.adoc;hosted_control_planes/hcp-disconnected/hcp-deploy-dc-virt.adoc,,f02f94665f,Adding live migration docs
modules/hcp-virt-wildcard-dns.adoc,topic-map-entry-commented-out,install,deploying-hosted-control-planes-in-a-disconnected-environment;deploying-hosted-control-planes-on-openshift-virtualization,hosted_control_planes/hcp-deploy/hcp-deploy-virt.adoc;hosted_control_planes/hcp-disconnected/hcp-deploy-dc-virt.adoc,,f11ddc78ac,Move HCP virt content to OCP
modules/hcp-virt-firewall-port.adoc,topic-map-entry-commented-out,configure;install,deploying-hosted-control-planes-on-openshift-virtualization;networks-for-hosted-control-planes,hosted_control_planes/hcp-deploy/hcp-deploy-virt.adoc;hosted_control_planes/hcp-networking.adoc,,f02f94665f,Adding live migration docs
modules/destroy-hc-bm-cli.adoc,topic-map-entry-commented-out,administer,delete-a-hosted-cluster,hosted_control_planes/hcp-destroy/hcp-destroy-bm.adoc,,173b420c58,OSDOCS#11960: Migrating destroying hosted clusters
modules/destroy-hc-bm-console.adoc,topic-map-entry-commented-out,administer,delete-a-hosted-cluster,hosted_control_planes/hcp-destroy/hcp-destroy-bm.adoc,,173b420c58,OSDOCS#11960: Migrating destroying hosted clusters
modules/destroy-hc-ibm-power-cli.adoc,topic-map-entry-commented-out,administer,delete-a-hosted-cluster,hosted_control_planes/hcp-destroy/hcp-destroy-ibm-power.adoc,,d7d03926a7,bugfix: ibm-power filename consistency
modules/destroy-hc-non-bm-cli.adoc,topic-map-entry-commented-out,administer,delete-a-hosted-cluster,hosted_control_planes/hcp-destroy/hcp-destroy-non-bm.adoc,,173b420c58,OSDOCS#11960: Migrating destroying hosted clusters
modules/hcp-ibm-z-adding-credentials-registry.adoc,topic-map-entry-commented-out,install,deploying-hosted-control-planes-in-a-disconnected-environment,hosted_control_planes/hcp-disconnected/disconnected-install-ibmz-hcp.adoc,,de636704b0,sync ibm z file names
modules/hcp-ibm-z-adding-reg-ca-hostedcluster.adoc,topic-map-entry-commented-out,install,deploying-hosted-control-planes-in-a-disconnected-environment,hosted_control_planes/hcp-disconnected/disconnected-install-ibmz-hcp.adoc,,de636704b0,sync ibm z file names
modules/hcp-ibm-z-dc-prereqs.adoc,topic-map-entry-commented-out,install,deploying-hosted-control-planes-in-a-disconnected-environment,hosted_control_planes/hcp-disconnected/disconnected-install-ibmz-hcp.adoc,,de636704b0,sync ibm z file names
modules/hcp-ibm-z-update-reg-ca.adoc,topic-map-entry-commented-out,install,deploying-hosted-control-planes-in-a-disconnected-environment,hosted_control_planes/hcp-disconnected/disconnected-install-ibmz-hcp.adoc,,de636704b0,sync ibm z file names
modules/hcp-agentserviceconfig.adoc,topic-map-entry-commented-out,install,deploying-hosted-control-planes-in-a-disconnected-environment,hosted_control_planes/hcp-disconnected/hcp-deploy-dc-bm.adoc,,6fb46ddbd2,Moving HCP disconnected docs
modules/hcp-bm-hosts.adoc,topic-map-entry-commented-out,install,deploying-hosted-control-planes-in-a-disconnected-environment,hosted_control_planes/hcp-disconnected/hcp-deploy-dc-bm.adoc,,6fb46ddbd2,Moving HCP disconnected docs
modules/hcp-dc-bm-arch.adoc,topic-map-entry-commented-out,install,deploying-hosted-control-planes-in-a-disconnected-environment,hosted_control_planes/hcp-disconnected/hcp-deploy-dc-bm.adoc,,6fb46ddbd2,Moving HCP disconnected docs
modules/hcp-dc-bm-hosted.adoc,topic-map-entry-commented-out,install,deploying-hosted-control-planes-in-a-disconnected-environment,hosted_control_planes/hcp-disconnected/hcp-deploy-dc-bm.adoc,,3dbb4b234e,CQA: HCP on bare metal disconnected
modules/hcp-dc-bm-reqs.adoc,topic-map-entry-commented-out,install,deploying-hosted-control-planes-in-a-disconnected-environment,hosted_control_planes/hcp-disconnected/hcp-deploy-dc-bm.adoc,,6fb46ddbd2,Moving HCP disconnected docs
modules/hcp-dc-extract.adoc,topic-map-entry-commented-out,install,deploying-hosted-control-planes-in-a-disconnected-environment,hosted_control_planes/hcp-disconnected/hcp-deploy-dc-bm.adoc,,6fb46ddbd2,Moving HCP disconnected docs
modules/hcp-dc-infraenv.adoc,topic-map-entry-commented-out,install,deploying-hosted-control-planes-in-a-disconnected-environment,hosted_control_planes/hcp-disconnected/hcp-deploy-dc-bm.adoc,,6fb46ddbd2,Moving HCP disconnected docs
modules/hcp-dc-mgmt-cluster.adoc,topic-map-entry-commented-out,install,deploying-hosted-control-planes-in-a-disconnected-environment,hosted_control_planes/hcp-disconnected/hcp-deploy-dc-bm.adoc,,6fb46ddbd2,Moving HCP disconnected docs
modules/hcp-dc-registry.adoc,topic-map-entry-commented-out,install,deploying-hosted-control-planes-in-a-disconnected-environment,hosted_control_planes/hcp-disconnected/hcp-deploy-dc-bm.adoc,,6fb46ddbd2,Moving HCP disconnected docs
modules/hcp-dc-scale-np.adoc,topic-map-entry-commented-out,install,deploying-hosted-control-planes-in-a-disconnected-environment,hosted_control_planes/hcp-disconnected/hcp-deploy-dc-bm.adoc,,6fb46ddbd2,Moving HCP disconnected docs
modules/hcp-dc-web-server.adoc,topic-map-entry-commented-out,install,deploying-hosted-control-planes-in-a-disconnected-environment,hosted_control_planes/hcp-disconnected/hcp-deploy-dc-bm.adoc,,6fb46ddbd2,Moving HCP disconnected docs
modules/hcp-hc-objects.adoc,topic-map-entry-commented-out,install,deploying-hosted-control-planes-in-a-disconnected-environment,hosted_control_planes/hcp-disconnected/hcp-deploy-dc-bm.adoc,,6fb46ddbd2,Moving HCP disconnected docs
modules/hcp-nodepool-hc.adoc,topic-map-entry-commented-out,install,deploying-hosted-control-planes-in-a-disconnected-environment,hosted_control_planes/hcp-disconnected/hcp-deploy-dc-bm.adoc,,6fb46ddbd2,Moving HCP disconnected docs
modules/hcp-dc-apply-objects.adoc,topic-map-entry-commented-out,install,deploying-hosted-control-planes-in-a-disconnected-environment,hosted_control_planes/hcp-disconnected/hcp-deploy-dc-bm.adoc;hosted_control_planes/hcp-disconnected/hcp-deploy-dc-virt.adoc,,6fb46ddbd2,Moving HCP disconnected docs
modules/hcp-dc-image-mirror.adoc,topic-map-entry-commented-out,install,deploying-hosted-control-planes-in-a-disconnected-environment,hosted_control_planes/hcp-disconnected/hcp-deploy-dc-bm.adoc;hosted_control_planes/hcp-disconnected/hcp-deploy-dc-virt.adoc,,6fb46ddbd2,Moving HCP disconnected docs
modules/hcp-dc-tls-hosted.adoc,topic-map-entry-commented-out,install,deploying-hosted-control-planes-in-a-disconnected-environment,hosted_control_planes/hcp-disconnected/hcp-deploy-dc-bm.adoc;hosted_control_planes/hcp-disconnected/hcp-deploy-dc-virt.adoc,,6fb46ddbd2,Moving HCP disconnected docs
modules/hcp-dc-tls-mgmt.adoc,topic-map-entry-commented-out,install,deploying-hosted-control-planes-in-a-disconnected-environment,hosted_control_planes/hcp-disconnected/hcp-deploy-dc-bm.adoc;hosted_control_planes/hcp-disconnected/hcp-deploy-dc-virt.adoc,,6fb46ddbd2,Moving HCP disconnected docs
modules/hcp-dc-finish.adoc,topic-map-entry-commented-out,install,deploying-hosted-control-planes-in-a-disconnected-environment,hosted_control_planes/hcp-disconnected/hcp-deploy-dc-virt.adoc,,80270fcebf,Adding known limitation to HCP disconnected docs
modules/hcp-dc-mce-virt.adoc,topic-map-entry-commented-out,install,deploying-hosted-control-planes-in-a-disconnected-environment,hosted_control_planes/hcp-disconnected/hcp-deploy-dc-virt.adoc,,80270fcebf,Adding known limitation to HCP disconnected docs
modules/hcp-dc-tls-virt.adoc,topic-map-entry-commented-out,install,deploying-hosted-control-planes-in-a-disconnected-environment,hosted_control_planes/hcp-disconnected/hcp-deploy-dc-virt.adoc,,80270fcebf,Adding known limitation to HCP disconnected docs
modules/hcp-dc-virt-hosted.adoc,topic-map-entry-commented-out,install,deploying-hosted-control-planes-in-a-disconnected-environment,hosted_control_planes/hcp-disconnected/hcp-deploy-dc-virt.adoc,,80270fcebf,Adding known limitation to HCP disconnected docs
modules/hcp-dc-virt-ingress-dns-custom.adoc,topic-map-entry-commented-out,install,deploying-hosted-control-planes-in-a-disconnected-environment,hosted_control_planes/hcp-disconnected/hcp-deploy-dc-virt.adoc,,80270fcebf,Adding known limitation to HCP disconnected docs
modules/hcp-monitor-cp.adoc,topic-map-entry-commented-out,install,deploying-hosted-control-planes-in-a-disconnected-environment,hosted_control_planes/hcp-disconnected/hcp-deploy-dc-virt.adoc,,6fb46ddbd2,Moving HCP disconnected docs
modules/hcp-monitor-dp.adoc,topic-map-entry-commented-out,install,deploying-hosted-control-planes-in-a-disconnected-environment,hosted_control_planes/hcp-disconnected/hcp-deploy-dc-virt.adoc,,6fb46ddbd2,Moving HCP disconnected docs
modules/hcp-import-manual-aws.adoc,topic-map-entry-commented-out,administer,manually-import-a-hosted-cluster,hosted_control_planes/hcp-import.adoc,,401ce1b828,Moving HCP bare metal content to OCP repo
modules/hcp-import-manual.adoc,topic-map-entry-commented-out,administer,manually-import-a-hosted-cluster,hosted_control_planes/hcp-import.adoc,,401ce1b828,Moving HCP bare metal content to OCP repo
modules/balance-ignored-labels-autoscaler-hcp.adoc,topic-map-entry-commented-out,optimize,machine-configuration-for-hosted-control-planes,hosted_control_planes/hcp-machine-config.adoc,,8596953f25,OSDOCS#15340:OSDOCS#15339: Cluster autoscaler features in HCP
modules/configuring-node-pools-for-hcp.adoc,topic-map-entry-commented-out,optimize,machine-configuration-for-hosted-control-planes,hosted_control_planes/hcp-machine-config.adoc,,4cb83a9a3f,adding updates docs for hosted control planes
modules/hcp-autoscaling-nodepool-reference.adoc,topic-map-entry-commented-out,optimize,machine-configuration-for-hosted-control-planes,hosted_control_planes/hcp-machine-config.adoc,,bb7271e195,Autoscaling to and from zero on HCP
modules/hcp-autoscaling-to-from-zero-configure.adoc,topic-map-entry-commented-out,optimize,machine-configuration-for-hosted-control-planes,hosted_control_planes/hcp-machine-config.adoc,,bb7271e195,Autoscaling to and from zero on HCP
modules/hcp-autoscaling-to-from-zero.adoc,topic-map-entry-commented-out,optimize,machine-configuration-for-hosted-control-planes,hosted_control_planes/hcp-machine-config.adoc,,bb7271e195,Autoscaling to and from zero on HCP
modules/hcp-configure-ntp.adoc,topic-map-entry-commented-out,optimize,machine-configuration-for-hosted-control-planes,hosted_control_planes/hcp-machine-config.adoc,,190e4de8d0,OCPBUGS#50642: NTP server configuration for HCP
modules/hcp-kubeconf-nodepool.adoc,topic-map-entry-commented-out,optimize,machine-configuration-for-hosted-control-planes,hosted_control_planes/hcp-machine-config.adoc,,282d5a7ea7,OSDOCS#12977: Reference the config map in node pools
modules/hcp-nodepool-api-reference.adoc,topic-map-entry-commented-out,optimize,machine-configuration-for-hosted-control-planes,hosted_control_planes/hcp-machine-config.adoc,,bb7271e195,Autoscaling to and from zero on HCP
modules/priority-expander-autoscaler-hcp.adoc,topic-map-entry-commented-out,optimize,machine-configuration-for-hosted-control-planes,hosted_control_planes/hcp-machine-config.adoc,,8596953f25,OSDOCS#15340:OSDOCS#15339: Cluster autoscaler features in HCP
modules/scale-down-data-plane.adoc,topic-map-entry-commented-out,optimize,machine-configuration-for-hosted-control-planes,hosted_control_planes/hcp-machine-config.adoc,,aba71ae923,OSDOCS#5338: Scale down data plane to zero
modules/scale-up-autoscaler-hcp.adoc,topic-map-entry-commented-out,optimize,machine-configuration-for-hosted-control-planes,hosted_control_planes/hcp-machine-config.adoc,,8596953f25,OSDOCS#15340:OSDOCS#15339: Cluster autoscaler features in HCP
modules/scale-up-down-autoscaler-hcp.adoc,topic-map-entry-commented-out,optimize,machine-configuration-for-hosted-control-planes,hosted_control_planes/hcp-machine-config.adoc,,8596953f25,OSDOCS#15340:OSDOCS#15339: Cluster autoscaler features in HCP
modules/hcp-aws-config-sqs-eventbridge.adoc,topic-map-entry-commented-out,troubleshoot,view-cluster-events,hosted_control_planes/hcp-manage/hcp-manage-aws.adoc,,30191b9f4a,Spot Instance support for HCP on AWS
modules/hcp-bm-add-np.adoc,topic-map-entry-commented-out,administer,scale-workloads-in-a-hosted-cluster,hosted_control_planes/hcp-manage/hcp-manage-bm.adoc;hosted_control_planes/hcp-manage/hcp-manage-non-bm.adoc,,401ce1b828,Moving HCP bare metal content to OCP repo
modules/hcp-bm-autoscale-disable.adoc,topic-map-entry-commented-out,administer,scale-workloads-in-a-hosted-cluster,hosted_control_planes/hcp-manage/hcp-manage-bm.adoc;hosted_control_planes/hcp-manage/hcp-manage-non-bm.adoc,,401ce1b828,Moving HCP bare metal content to OCP repo
modules/hcp-bm-machine-health.adoc,topic-map-entry-commented-out,troubleshoot,troubleshoot-machine-management,hosted_control_planes/hcp-manage/hcp-manage-bm.adoc;hosted_control_planes/hcp-manage/hcp-manage-non-bm.adoc,,401ce1b828,Moving HCP bare metal content to OCP repo
modules/hcp-bm-scale-np.adoc,topic-map-entry-commented-out,administer,scale-workloads-in-a-hosted-cluster,hosted_control_planes/hcp-manage/hcp-manage-bm.adoc;hosted_control_planes/hcp-manage/hcp-manage-non-bm.adoc,,401ce1b828,Moving HCP bare metal content to OCP repo
modules/hcp-bm-autoscale.adoc,topic-map-entry-commented-out,administer,scale-workloads-in-a-hosted-cluster,hosted_control_planes/hcp-manage/hcp-manage-bm.adoc;hosted_control_planes/hcp-manage/hcp-manage-non-bm.adoc;hosted_control_planes/hcp-manage/hcp-manage-virt.adoc,,401ce1b828,Moving HCP bare metal content to OCP repo
modules/hcp-bm-ingress.adoc,topic-map-entry-commented-out,configure,networks-for-hosted-control-planes,hosted_control_planes/hcp-manage/hcp-manage-bm.adoc;hosted_control_planes/hcp-manage/hcp-manage-non-bm.adoc;hosted_control_planes/hcp-networking.adoc,,401ce1b828,Moving HCP bare metal content to OCP repo
modules/hcp-ibm-power-scale-np.adoc,topic-map-entry-commented-out,administer,scale-workloads-in-a-hosted-cluster,hosted_control_planes/hcp-manage/hcp-manage-ibm-power.adoc,,d7d03926a7,bugfix: ibm-power filename consistency
modules/hosted-clusters-openstack-performance-enabling.adoc,topic-map-entry-commented-out,optimize,optimize-infrastructure-for-specific-platforms,hosted_control_planes/hcp-manage/hcp-manage-openstack.adoc,,297cd633ec,OSDOCS-14600: HyperShiftStack TP
modules/hosted-clusters-openstack-performance-tuning.adoc,topic-map-entry-commented-out,optimize,optimize-infrastructure-for-specific-platforms,hosted_control_planes/hcp-manage/hcp-manage-openstack.adoc,,297cd633ec,OSDOCS-14600: HyperShiftStack TP
modules/hosted-clusters-openstack-performance.adoc,topic-map-entry-commented-out,optimize,optimize-infrastructure-for-specific-platforms,hosted_control_planes/hcp-manage/hcp-manage-openstack.adoc,,d4afd87137,CQA: Managing HCP on OpenStack
modules/hcp-virt-etcd-storage.adoc,topic-map-entry-commented-out,troubleshoot,move-etcd-to-a-different-disk,hosted_control_planes/hcp-manage/hcp-manage-virt.adoc,,282e2bf3d6,Adding more virt docs for HCP
modules/hcp-custom-ovn-subnets.adoc,topic-map-entry-commented-out,configure,networks-for-hosted-control-planes,hosted_control_planes/hcp-networking.adoc,,315b64492b,Adding docs about HCP and the CNO
modules/hcp-egress-reqs.adoc,topic-map-entry-commented-out,configure;plan,networking-guidance-for-hosted-control-planes;networks-for-hosted-control-planes,hosted_control_planes/hcp-networking.adoc,,d62d61ab8e,Adding ingress and egress docs to HCP docs
modules/hcp-ingress-egress-example.adoc,topic-map-entry-commented-out,configure,networks-for-hosted-control-planes,hosted_control_planes/hcp-networking.adoc,,d62d61ab8e,Adding ingress and egress docs to HCP docs
modules/hcp-ingress-egress-reqs.adoc,topic-map-entry-commented-out,configure;plan,networking-guidance-for-hosted-control-planes;networks-for-hosted-control-planes,hosted_control_planes/hcp-networking.adoc,,d62d61ab8e,Adding ingress and egress docs to HCP docs
modules/hcp-ingress-reqs.adoc,topic-map-entry-commented-out,configure;plan,networking-guidance-for-hosted-control-planes;networks-for-hosted-control-planes,hosted_control_planes/hcp-networking.adoc,,d62d61ab8e,Adding ingress and egress docs to HCP docs
modules/hcp-isolation-overview.adoc,topic-map-entry-commented-out,configure;plan,networking-guidance-for-hosted-control-planes;networks-for-hosted-control-planes,hosted_control_planes/hcp-networking.adoc,,994ad5fa10,Network isolation docs for HCP
modules/hcp-networking-firewall.adoc,topic-map-entry-commented-out,configure;plan,networking-guidance-for-hosted-control-planes;networks-for-hosted-control-planes,hosted_control_planes/hcp-networking.adoc,,533c4ff41f,Networking overview for HCP
modules/hcp-networking-overview.adoc,topic-map-entry-commented-out,configure;plan;troubleshoot,incident-investigation-75-reconstruct-timeline-of-network-events;networking-guidance-for-hosted-control-planes;networks-for-hosted-control-planes,hosted_control_planes/hcp-networking.adoc,,533c4ff41f,Networking overview for HCP
modules/hcp-proxy-addl-network.adoc,topic-map-entry-commented-out,configure,networks-for-hosted-control-planes,hosted_control_planes/hcp-networking.adoc,,1e3e2180cb,HCP proxy docs for mgmt clusters with secondary networks
modules/hcp-proxy-api.adoc,topic-map-entry-commented-out,configure,networks-for-hosted-control-planes,hosted_control_planes/hcp-networking.adoc,,f77db8f566,Proxy docs for HCP
modules/hcp-proxy-cp-workloads.adoc,topic-map-entry-commented-out,configure,networks-for-hosted-control-planes,hosted_control_planes/hcp-networking.adoc,,f77db8f566,Proxy docs for HCP
modules/hcp-proxy-ignition.adoc,topic-map-entry-commented-out,configure,networks-for-hosted-control-planes,hosted_control_planes/hcp-networking.adoc,,f77db8f566,Proxy docs for HCP
modules/hcp-proxy-mgmt-cluster.adoc,topic-map-entry-commented-out,configure,networks-for-hosted-control-planes,hosted_control_planes/hcp-networking.adoc,,f77db8f566,Proxy docs for HCP
modules/hcp-proxy-overview.adoc,topic-map-entry-commented-out,configure;plan,networking-guidance-for-hosted-control-planes;networks-for-hosted-control-planes,hosted_control_planes/hcp-networking.adoc,,315b64492b,Adding docs about HCP and the CNO
modules/hcp-isolation.adoc,topic-map-entry-commented-out,configure;plan,distribute-hosted-cluster-workloads;networks-for-hosted-control-planes,hosted_control_planes/hcp-networking.adoc;hosted_control_planes/hcp-prepare/hcp-distribute-workloads.adoc,,9096851316,Isolation details for HCP
modules/hcp-cluster-ids-example.adoc,topic-map-entry-commented-out,observe,enable-monitoring-dashboards-in-a-hosted-cluster,hosted_control_planes/hcp-observability.adoc,,b3490b8af4,Customizing cluster identifiers
modules/hcp-cluster-ids.adoc,topic-map-entry-commented-out,observe,enable-monitoring-dashboards-in-a-hosted-cluster,hosted_control_planes/hcp-observability.adoc,,b3490b8af4,Customizing cluster identifiers
modules/hcp-connect-control-plane.adoc,topic-map-entry-commented-out,observe,connectivity-monitoring-from-the-control-plane-to-the-data-plane,hosted_control_planes/hcp-observability.adoc,,929469b3e1,Add concept about data plane to control plane connectivity monitoring
modules/hcp-connect-data-plane.adoc,topic-map-entry-commented-out,observe,connectivity-monitoring-from-the-control-plane-to-the-data-plane,hosted_control_planes/hcp-observability.adoc,,577a755dce,Adding concept about connectivity metrics for HCP
modules/hcp-connectivity-metrics.adoc,topic-map-entry-commented-out,observe,connectivity-monitoring-from-the-control-plane-to-the-data-plane,hosted_control_planes/hcp-observability.adoc,,577a755dce,Adding concept about connectivity metrics for HCP
modules/hcp-cp-metrics-dashboards.adoc,topic-map-entry-commented-out,observe,monitor-hosted-control-planes,hosted_control_planes/hcp-observability.adoc,,e9b2d59f06,Enabling control plane metrics dashboards for HCP
modules/hcp-cp-metrics-forwarding-configure.adoc,topic-map-entry-commented-out,observe,monitor-hosted-control-planes,hosted_control_planes/hcp-observability.adoc,,cacc478e7a,HCP per-cluster metrics forwarding
modules/hcp-cp-metrics-forwarding-migrate.adoc,topic-map-entry-commented-out,observe,monitor-hosted-control-planes,hosted_control_planes/hcp-observability.adoc,,cacc478e7a,HCP per-cluster metrics forwarding
modules/hcp-cp-metrics-overview.adoc,topic-map-entry-commented-out,observe,monitor-hosted-control-planes,hosted_control_planes/hcp-observability.adoc,,e9b2d59f06,Enabling control plane metrics dashboards for HCP
modules/hcp-cp-query-metrics-console.adoc,topic-map-entry-commented-out,observe,monitor-hosted-control-planes,hosted_control_planes/hcp-observability.adoc,,e9b2d59f06,Enabling control plane metrics dashboards for HCP
modules/hcp-cp-query-metrics.adoc,topic-map-entry-commented-out,observe,monitor-hosted-control-planes,hosted_control_planes/hcp-observability.adoc,,e9b2d59f06,Enabling control plane metrics dashboards for HCP
modules/hcp-customize-dashboards.adoc,topic-map-entry-commented-out,observe,enable-monitoring-dashboards-in-a-hosted-cluster,hosted_control_planes/hcp-observability.adoc,,9140de7340,CQA: HCP observability
modules/hcp-metrics-sets-ref.adoc,topic-map-entry-commented-out,observe,configure-metrics-sets-for-hosted-control-planes,hosted_control_planes/hcp-observability.adoc,,9140de7340,CQA: HCP observability
modules/hosted-control-planes-metrics-sets.adoc,topic-map-entry-commented-out,observe,configure-metrics-sets-for-hosted-control-planes,hosted_control_planes/hcp-observability.adoc,,ed7dc42421,Adding metrics sets docs for hosted control planes
modules/hosted-control-planes-monitoring-dashboard.adoc,topic-map-entry-commented-out,observe,enable-monitoring-dashboards-in-a-hosted-cluster,hosted_control_planes/hcp-observability.adoc,,e38bf3a2cb,Add monitoring dashboard docs for hosted control planes
modules/hcp-labels-taints.adoc,topic-map-entry-commented-out,plan,distribute-hosted-cluster-workloads,hosted_control_planes/hcp-prepare/hcp-distribute-workloads.adoc,,fc7ad0c1d6,Moving HCP distributing workloads docs
modules/hcp-node-labeling.adoc,topic-map-entry-commented-out,plan,distribute-hosted-cluster-workloads,hosted_control_planes/hcp-prepare/hcp-distribute-workloads.adoc,,994ad5fa10,Network isolation docs for HCP
modules/hcp-priority-classes.adoc,topic-map-entry-commented-out,plan,distribute-hosted-cluster-workloads,hosted_control_planes/hcp-prepare/hcp-distribute-workloads.adoc,,fc7ad0c1d6,Moving HCP distributing workloads docs
modules/hcp-virt-taints-tolerations.adoc,topic-map-entry-commented-out,plan,distribute-hosted-cluster-workloads,hosted_control_planes/hcp-prepare/hcp-distribute-workloads.adoc,,829fe9940c,Adding custom taints and tolerations docs to HCP
modules/hcp-disable-feature.adoc,topic-map-entry-commented-out,administer,enable-or-disable-the-hosted-control-planes-feature,hosted_control_planes/hcp-prepare/hcp-enable-disable.adoc,,c03d30d7d7,Moving HCP enable/disable docs from RHACM to OCP
modules/hcp-enable-manual-addon.adoc,topic-map-entry-commented-out,administer,enable-or-disable-the-hosted-control-planes-feature,hosted_control_planes/hcp-prepare/hcp-enable-disable.adoc,,c03d30d7d7,Moving HCP enable/disable docs from RHACM to OCP
modules/hcp-enable-manual.adoc,topic-map-entry-commented-out,administer,enable-or-disable-the-hosted-control-planes-feature,hosted_control_planes/hcp-prepare/hcp-enable-disable.adoc,,c03d30d7d7,Moving HCP enable/disable docs from RHACM to OCP
modules/hcp-uninstall-operator.adoc,topic-map-entry-commented-out,administer,enable-or-disable-the-hosted-control-planes-feature,hosted_control_planes/hcp-prepare/hcp-enable-disable.adoc,,c03d30d7d7,Moving HCP enable/disable docs from RHACM to OCP
modules/hcp-fips.adoc,topic-map-entry-commented-out,install;plan,install-hosted-control-planes;requirements-for-hosted-control-planes,hosted_control_planes/hcp-prepare/hcp-requirements.adoc,,66a3acf7c8,Adding FIPS details for HCP
modules/hcp-support-matrix.adoc,topic-map-entry-commented-out,install;plan,install-hosted-control-planes;requirements-for-hosted-control-planes,hosted_control_planes/hcp-prepare/hcp-requirements.adoc,,5a81cfe61a,HCP support matrix
modules/hcp-load-based-limit.adoc,topic-map-entry-commented-out,plan,size-guidance-for-hosted-control-planes,hosted_control_planes/hcp-prepare/hcp-sizing-guidance.adoc,,a71aef3067,Migrating HCP sizing content from RHACM to OCP
modules/hcp-pod-limits.adoc,topic-map-entry-commented-out,plan,size-guidance-for-hosted-control-planes,hosted_control_planes/hcp-prepare/hcp-sizing-guidance.adoc,,a71aef3067,Migrating HCP sizing content from RHACM to OCP
modules/hcp-resource-limit.adoc,topic-map-entry-commented-out,plan,size-guidance-for-hosted-control-planes,hosted_control_planes/hcp-prepare/hcp-sizing-guidance.adoc,,a71aef3067,Migrating HCP sizing content from RHACM to OCP
modules/hcp-shared-infra.adoc,topic-map-entry-commented-out,plan,size-guidance-for-hosted-control-planes,hosted_control_planes/hcp-prepare/hcp-sizing-guidance.adoc,,eb0fd6bf4f,Compact HCP deployment
modules/hcp-sizing-calculation.adoc,topic-map-entry-commented-out,plan,size-guidance-for-hosted-control-planes,hosted_control_planes/hcp-prepare/hcp-sizing-guidance.adoc,,a71aef3067,Migrating HCP sizing content from RHACM to OCP
modules/hcp-must-gather-cli.adoc,topic-map-entry-commented-out,troubleshoot,troubleshoot-hosted-clusters-by-platform,hosted_control_planes/hcp-troubleshooting.adoc,,c2fb53b362,Add must gather docs for day 2 HCP
modules/hcp-must-gather-console.adoc,topic-map-entry-commented-out,troubleshoot,troubleshoot-hosted-clusters-by-platform,hosted_control_planes/hcp-troubleshooting.adoc,,c2fb53b362,Add must gather docs for day 2 HCP
modules/hcp-must-gather-day-2.adoc,topic-map-entry-commented-out,troubleshoot,investigate-an-active-cluster-issue-collect-comprehensive-data-for-vendor-support;troubleshoot-hosted-clusters-by-platform,hosted_control_planes/hcp-troubleshooting.adoc,,d0b21f51e8,Troubleshooting connectivity for HCP
modules/hcp-ts-bm-nodes-not-added.adoc,topic-map-entry-commented-out,troubleshoot,troubleshoot-hosted-clusters-by-platform-troubleshoot-hosted-clusters-on-bare-metal,hosted_control_planes/hcp-troubleshooting.adoc,,feacb08436,Add troubleshooting docs for HCP on bare metal
modules/hcp-ts-bm.adoc,topic-map-entry-commented-out,troubleshoot,troubleshoot-hosted-clusters-by-platform-troubleshoot-hosted-clusters-on-bare-metal,hosted_control_planes/hcp-troubleshooting.adoc,,d0b21f51e8,Troubleshooting connectivity for HCP
modules/hcp-ts-hc-stuck.adoc,topic-map-entry-commented-out,troubleshoot,troubleshoot-hosted-clusters-by-platform,hosted_control_planes/hcp-troubleshooting.adoc,,34e45d08a1,[OSDOCS-11001]: Moving HCP troubleshooting updates to 4.17
modules/hcp-ts-no-nodes-reg.adoc,topic-map-entry-commented-out,troubleshoot,troubleshoot-hosted-clusters-by-platform,hosted_control_planes/hcp-troubleshooting.adoc,,34e45d08a1,[OSDOCS-11001]: Moving HCP troubleshooting updates to 4.17
modules/hcp-ts-nodes-stuck.adoc,topic-map-entry-commented-out,troubleshoot,troubleshoot-hosted-clusters-by-platform,hosted_control_planes/hcp-troubleshooting.adoc,,34e45d08a1,[OSDOCS-11001]: Moving HCP troubleshooting updates to 4.17
modules/hcp-ts-ocp-virt.adoc,topic-map-entry-commented-out,troubleshoot,troubleshoot-hosted-clusters-by-platform-troubleshoot-hosted-clusters-on-openshift-virtualization,hosted_control_planes/hcp-troubleshooting.adoc,,d0b21f51e8,Troubleshooting connectivity for HCP
modules/hcp-ts-rhcos.adoc,topic-map-entry-commented-out,troubleshoot,troubleshoot-hosted-clusters-by-platform-troubleshoot-hosted-clusters-on-bare-metal,hosted_control_planes/hcp-troubleshooting.adoc,,34e45d08a1,[OSDOCS-11001]: Moving HCP troubleshooting updates to 4.17
modules/hcp-ts-vm-nodes.adoc,topic-map-entry-commented-out,troubleshoot,troubleshoot-hosted-clusters-by-platform-troubleshoot-hosted-clusters-on-openshift-virtualization,hosted_control_planes/hcp-troubleshooting.adoc,,34e45d08a1,[OSDOCS-11001]: Moving HCP troubleshooting updates to 4.17
modules/hosted-control-planes-pause-reconciliation.adoc,topic-map-entry-commented-out,troubleshoot,restart-hosted-control-plane-components-and-pause-reconciliation,hosted_control_planes/hcp-troubleshooting.adoc,,116ae6558f,Adding docs about pausing reconciliation for hosted control planes
modules/hosted-control-planes-troubleshooting.adoc,topic-map-entry-commented-out,troubleshoot,troubleshoot-hosted-clusters-by-platform,hosted_control_planes/hcp-troubleshooting.adoc,,55fe112c6d,Adding troubleshooting docs for hosted control planes
modules/hosted-restart-hcp-components.adoc,topic-map-entry-commented-out,troubleshoot,restart-hosted-control-plane-components-and-pause-reconciliation,hosted_control_planes/hcp-troubleshooting.adoc,,253c35bddc,adding procedure to restart hcp components
modules/hcp-get-ocp-channel.adoc,topic-map-entry-commented-out,upgrade,upgrade-hosted-control-planes,hosted_control_planes/hcp-updating.adoc,,cc8bc12a09,OSDOCS#12138: Supported OCP versions for hosted clusters
modules/hcp-get-upgrade-versions.adoc,topic-map-entry-commented-out,upgrade,upgrade-hosted-control-planes,hosted_control_planes/hcp-updating.adoc,,cc8bc12a09,OSDOCS#12138: Supported OCP versions for hosted clusters
modules/hcp-np-version-skew.adoc,topic-map-entry-commented-out,upgrade,upgrade-hosted-control-planes-hosted-cluster-and-node-pool-version-skew-policy,hosted_control_planes/hcp-updating.adoc,,e4208db385,OSDOCS#14017: HostedCluster and NodePool version compatibility
modules/hcp-update-node-pools.adoc,topic-map-entry-commented-out,upgrade,upgrade-hosted-control-planes-updating-node-pools-and-control-planes,hosted_control_planes/hcp-updating.adoc,,cc8bc12a09,OSDOCS#12138: Supported OCP versions for hosted clusters
modules/hcp-update-ocp-hc.adoc,topic-map-entry-commented-out,upgrade,upgrade-hosted-control-planes-updating-the-ocp-version-in-a-hosted-cluster,hosted_control_planes/hcp-updating.adoc,,cc8bc12a09,OSDOCS#12138: Supported OCP versions for hosted clusters
modules/hcp-update-using-mce-console.adoc,topic-map-entry-commented-out,upgrade,upgrade-hosted-control-planes-updating-the-ocp-version-in-a-hosted-cluster,hosted_control_planes/hcp-updating.adoc,,cc8bc12a09,OSDOCS#12138: Supported OCP versions for hosted clusters
modules/hcp-updates-hosted-cluster.adoc,topic-map-entry-commented-out,troubleshoot;upgrade,troubleshoot-common-update-failures;upgrade-hosted-control-planes-updating-node-pools-and-control-planes,hosted_control_planes/hcp-updating.adoc,,72b6403535,OSDOCS#10240: Restructuring the Managing hosted control planes section
modules/hcp-updates-node-pools.adoc,topic-map-entry-commented-out,troubleshoot;upgrade,troubleshoot-common-update-failures;upgrade-hosted-control-planes-updating-node-pools-and-control-planes,hosted_control_planes/hcp-updating.adoc,,72b6403535,OSDOCS#10240: Restructuring the Managing hosted control planes section
modules/hcp-updating-requirements.adoc,topic-map-entry-commented-out,upgrade,upgrade-hosted-control-planes-requirements-to-upgrade-hosted-control-planes,hosted_control_planes/hcp-updating.adoc,,c5c32de95f,OSDOCS#10543: Replace terms with new attributes
modules/hcp-enable-feature-sets.adoc,topic-map-entry-commented-out,configure,use-feature-gates-in-a-hosted-cluster,hosted_control_planes/hcp-using-feature-gates.adoc,,6eb3f60ec1,OSDOCS#10246: Hosted control planes: Enabling feature gates
modules/hcp-backup-etcd-snapshot-about.adoc,topic-map-entry-commented-out,troubleshoot,etcd-best-practices-back-up-etcd-data;etcd-best-practices-create-recurring-automatic-etcd-backup,hosted_control_planes/hcp_high_availability/hcp-backup-etcd-snapshot.adoc,,3d0f8a19f6,[OSDOCS-19679]: Concept about TP etcd snapshot backups
modules/hcp-backup-etcd-snapshot-backup.adoc,topic-map-entry-commented-out,troubleshoot,etcd-best-practices-create-recurring-automatic-etcd-backup,hosted_control_planes/hcp_high_availability/hcp-backup-etcd-snapshot.adoc,,3d0f8a19f6,[OSDOCS-19679]: Concept about TP etcd snapshot backups
modules/hcp-backup-etcd-snapshot-config.adoc,topic-map-entry-commented-out,troubleshoot,etcd-best-practices-back-up-etcd-data;etcd-best-practices-create-recurring-automatic-etcd-backup,hosted_control_planes/hcp_high_availability/hcp-backup-etcd-snapshot.adoc,,3d0f8a19f6,[OSDOCS-19679]: Concept about TP etcd snapshot backups
modules/hcp-backup-etcd-snapshot-restore.adoc,topic-map-entry-commented-out,troubleshoot,backup-and-restore-etcd-data;control-plane-disaster-recovery;encrypt-etcd-restore-to-a-previous-cluster-state;encrypt-etcd-test-restore-procedures;etcd-best-practices-restore-etcd-data;high-availability-and-disaster-recovery-for-hosted-control-planes,hosted_control_planes/hcp_high_availability/hcp-backup-etcd-snapshot.adoc,,3d0f8a19f6,[OSDOCS-19679]: Concept about TP etcd snapshot backups
modules/restoring-etcd-snapshot-hosted-cluster.adoc,topic-map-entry-commented-out,troubleshoot,etcd-best-practices-back-up-etcd-data,hosted_control_planes/hcp_high_availability/hcp-backup-restore-aws.adoc,,4e8b73bbe1,"adding backup, restore, and dr tasks for hosted control planes"
modules/hosted-cluster-etcd-backup-restore-on-premise.adoc,topic-map-entry-commented-out,troubleshoot,backup-and-restore-etcd-data;encrypt-etcd-test-restore-procedures;high-availability-and-disaster-recovery-for-hosted-control-planes,hosted_control_planes/hcp_high_availability/hcp-backup-restore-on-premise.adoc,,4ec8763ef4,OSDOCS#10478: Document high availability for Hosted control planes
modules/hcp-acm-discover.adoc,topic-map-entry-commented-out,install,install-hosted-control-planes,hosted_control_planes/index.adoc,,d19c8fd3ae,Adding link to HCP-specific ACM doc from OCP docs
modules/hcp-mce-acm-relationship-intro.adoc,topic-map-entry-commented-out,install,install-hosted-control-planes,hosted_control_planes/index.adoc,,fe497635cf,"OSDOCS#10999: HCP introducing MCE and relationship between HCP, MCE, and ACM"
modules/hcp-ocp-differences.adoc,topic-map-entry-commented-out,install,install-hosted-control-planes,hosted_control_planes/index.adoc,,222196b1d8,OSDOCS#10488: Differences between OCP and HCP
modules/hosted-control-planes-concepts-personas.adoc,topic-map-entry-commented-out,install,install-hosted-control-planes,hosted_control_planes/index.adoc,,e1eeb51c35,Adding concepts and personas for hosted control planes
modules/hosted-control-planes-overview.adoc,topic-map-entry-commented-out,discover;install,compare-architectural-deployment-models;compare-openshift-deployment-models;install-hosted-control-planes,hosted_control_planes/index.adoc,,f8022ee2bc,initial draft of overview for hosted control planes (hypershift)
modules/hosted-control-planes-version-support.adoc,topic-map-entry-commented-out,install,install-hosted-control-planes,hosted_control_planes/index.adoc,,c9e74d6368,adding module about versioning support for hosted control planes
