module_file,finding,nav_categories,nav_job_maps,source_assembly,other_distro_topic_maps,module_added_commit,module_added_subject,renamed_from_older_file
modules/installing-ove-advantages.adoc,topic-map-entry-commented-out,install,install-an-ove-cluster-with-agent-based-installer,installing/installing_with_agent_based_installer/installing-ove.adoc,,63ca1d26dd,OSDOCS-14725: OVE install method,
modules/installing-ove-console-final.adoc,topic-map-entry-commented-out,install,install-an-ove-cluster-with-agent-based-installer,installing/installing_with_agent_based_installer/installing-ove.adoc,,63ca1d26dd,OSDOCS-14725: OVE install method,
modules/installing-ove-console-initial.adoc,topic-map-entry-commented-out,install,install-an-ove-cluster-with-agent-based-installer,installing/installing_with_agent_based_installer/installing-ove.adoc,,63ca1d26dd,OSDOCS-14725: OVE install method,
modules/installing-ove-hosts.adoc,topic-map-entry-commented-out,install,install-an-ove-cluster-with-agent-based-installer,installing/installing_with_agent_based_installer/installing-ove.adoc,,63ca1d26dd,OSDOCS-14725: OVE install method,
modules/installing-ove-iso.adoc,topic-map-entry-commented-out,install,install-an-ove-cluster-with-agent-based-installer,installing/installing_with_agent_based_installer/installing-ove.adoc,,63ca1d26dd,OSDOCS-14725: OVE install method,
modules/installing-ove-rendezvous.adoc,topic-map-entry-commented-out,install,install-an-ove-cluster-with-agent-based-installer,installing/installing_with_agent_based_installer/installing-ove.adoc,,63ca1d26dd,OSDOCS-14725: OVE install method,
modules/monitoring-creating-new-alerting-rules.adoc,other-distro-only,observe,alert-on-unexpected-traffic-surges-or-anomalies,observability/monitoring/managing-alerts/managing-alerts-as-an-administrator.adoc,osd;rosa;rosa-hcp,110f634a68,RHDEVDOCS-3423-managing-user-defined-alerting-rules,
modules/monitoring-reviewing-monitoring-dashboards-admin.adoc,other-distro-only,observe,view-networking-dashboards,observability/monitoring/accessing-metrics/accessing-metrics-as-an-administrator.adoc,osd;rosa;rosa-hcp,754f5b796f,Restructuring Monitoring book for user workload monitoring GA,
modules/monitoring-configuring-a-persistent-volume-claim.adoc,other-distro-only,plan,configure-monitoring-storage,observability/monitoring/configuring-core-platform-monitoring/storing-and-recording-data.adoc;observability/monitoring/configuring-user-workload-monitoring/storing-and-recording-data-uwm.adoc,osd;rosa;rosa-hcp,cde156ca5c,OBSDOCS-547: Remove explicit mention of local persistent storage volumes from monitoring docs,yes
modules/monitoring-configuring-persistent-storage.adoc,other-distro-only,plan,size-monitoring-infrastructure,observability/monitoring/configuring-core-platform-monitoring/storing-and-recording-data.adoc;observability/monitoring/configuring-user-workload-monitoring/storing-and-recording-data-uwm.adoc,osd;rosa;rosa-hcp,09f2c1f6f9,RHDEVDOCS-4007-fully-modularize-monitoring-docs,
modules/monitoring-modifying-retention-time-and-size-for-prometheus-metrics-data.adoc,other-distro-only,plan,calculate-prometheus-storage-requirements,observability/monitoring/configuring-core-platform-monitoring/storing-and-recording-data.adoc;observability/monitoring/configuring-user-workload-monitoring/storing-and-recording-data-uwm.adoc,osd;rosa;rosa-hcp,8bc87d2ceb,RHDEVDOCS-3919-document-size-based-retention-config-for-metrics,
modules/monitoring-resizing-a-persistent-volume.adoc,other-distro-only,plan,configure-monitoring-storage,observability/monitoring/configuring-core-platform-monitoring/storing-and-recording-data.adoc;observability/monitoring/configuring-user-workload-monitoring/storing-and-recording-data-uwm.adoc,osd;rosa;rosa-hcp,cde156ca5c,OBSDOCS-547: Remove explicit mention of local persistent storage volumes from monitoring docs,
modules/monitoring-common-terms.adoc,other-distro-only,reference,understand-terminology-and-definitions,observability/monitoring/about-ocp-monitoring/monitoring-stack-architecture.adoc,osd;rosa;rosa-hcp,19b46eab81,OSDOCS#4562: Add common terms in monitoring book,
modules/assuming-an-aws-iam-role-in-your-own-pods.adoc,other-distro-only,secure,configure-iam-roles-for-aws-operators,authentication/assuming-an-aws-iam-role-for-a-service-account.adoc,rosa;rosa-hcp,7d6dff7d57,OSDOCS-1594 - Adding pod identity webhook content for ROSA,
modules/cluster-wide-proxy-preqs.adoc,other-distro-only,secure,configure-cluster-wide-proxy-certificate-trust,networking/ovn_kubernetes_network_provider/configuring-cluster-wide-proxy.adoc,osd;rosa;rosa-hcp,378f89a5b6,OSDOCS-3342: Network Requirements,
modules/configmap-removing-ca.adoc,other-distro-only,secure,configure-cluster-wide-proxy-certificate-trust,networking/ovn_kubernetes_network_provider/configuring-cluster-wide-proxy.adoc,osd;rosa;rosa-hcp,329c946654,OSDOCS-4507: Added instructions to remove a CA bundle from ROSA clusters.,yes
modules/configuring-a-proxy-after-installation-cli.adoc,other-distro-only,secure,configure-cluster-wide-proxy-certificate-trust,networking/ovn_kubernetes_network_provider/configuring-cluster-wide-proxy.adoc,osd;rosa;rosa-hcp,e0847026f9,OSDOCS-3798 - Removing OCM CLI references and adding proxy content for OSD and ROSA,
modules/configuring-a-proxy-after-installation-ocm.adoc,other-distro-only,secure,configure-cluster-wide-proxy-certificate-trust,networking/ovn_kubernetes_network_provider/configuring-cluster-wide-proxy.adoc,osd;rosa;rosa-hcp,e0847026f9,OSDOCS-3798 - Removing OCM CLI references and adding proxy content for OSD and ROSA,
modules/configuring-a-proxy-during-installation-cli.adoc,other-distro-only,secure,configure-cluster-wide-proxy-certificate-trust,networking/ovn_kubernetes_network_provider/configuring-cluster-wide-proxy.adoc,osd;rosa;rosa-hcp,e0847026f9,OSDOCS-3798 - Removing OCM CLI references and adding proxy content for OSD and ROSA,
modules/configuring-a-proxy-during-installation-ocm.adoc,other-distro-only,secure,configure-cluster-wide-proxy-certificate-trust,networking/ovn_kubernetes_network_provider/configuring-cluster-wide-proxy.adoc,osd;rosa;rosa-hcp,e0847026f9,OSDOCS-3798 - Removing OCM CLI references and adding proxy content for OSD and ROSA,
modules/configuring-a-proxy-trust-bundle-responsibilities.adoc,other-distro-only,secure,configure-cluster-wide-proxy-certificate-trust,networking/ovn_kubernetes_network_provider/configuring-cluster-wide-proxy.adoc,osd;rosa;rosa-hcp,e0847026f9,OSDOCS-3798 - Removing OCM CLI references and adding proxy content for OSD and ROSA,
modules/configuring-proxy-after-install-intro.adoc,other-distro-only,secure,configure-cluster-wide-proxy-certificate-trust,networking/ovn_kubernetes_network_provider/configuring-cluster-wide-proxy.adoc,osd;rosa;rosa-hcp,cf845996e8,Vale and Dita work for Networking,
modules/configuring-proxy-during-install-intro.adoc,other-distro-only,secure,configure-cluster-wide-proxy-certificate-trust,networking/ovn_kubernetes_network_provider/configuring-cluster-wide-proxy.adoc,osd;rosa;rosa-hcp,cf845996e8,Vale and Dita work for Networking,
modules/creating-a-service-account-in-your-project.adoc,other-distro-only,secure,configure-iam-roles-for-aws-operators,authentication/assuming-an-aws-iam-role-for-a-service-account.adoc,rosa;rosa-hcp,7d6dff7d57,OSDOCS-1594 - Adding pod identity webhook content for ROSA,
modules/creating-an-example-aws-sdk-container-image.adoc,other-distro-only,secure,configure-iam-roles-for-aws-operators,authentication/assuming-an-aws-iam-role-for-a-service-account.adoc,rosa;rosa-hcp,7d6dff7d57,OSDOCS-1594 - Adding pod identity webhook content for ROSA,
modules/deploying-a-pod-that-includes-an-aws-sdk.adoc,other-distro-only,secure,configure-iam-roles-for-aws-operators,authentication/assuming-an-aws-iam-role-for-a-service-account.adoc,rosa;rosa-hcp,7d6dff7d57,OSDOCS-1594 - Adding pod identity webhook content for ROSA,
modules/how-service-accounts-assume-aws-iam-roles-in-sre-owned-projects.adoc,other-distro-only,secure,configure-iam-roles-for-aws-operators,authentication/assuming-an-aws-iam-role-for-a-service-account.adoc;osd_architecture/osd_policy/osd-sre-access.adoc;rosa_architecture/rosa_policy_service_definition/rosa-sre-access.adoc,osd;rosa;rosa-hcp,8244fc12b0,OSDOCS-7640: Doc service account access,
modules/nw-rosa-proxy-remove-cli.adoc,other-distro-only,secure,configure-cluster-wide-proxy-certificate-trust,networking/ovn_kubernetes_network_provider/configuring-cluster-wide-proxy.adoc,osd;rosa;rosa-hcp,53cdddf1ab,OSDOCS-4352: Updated cluster-wide proxy documentation,
modules/removing-cluster-wide-proxy-intro.adoc,other-distro-only,secure,configure-cluster-wide-proxy-certificate-trust,networking/ovn_kubernetes_network_provider/configuring-cluster-wide-proxy.adoc,osd;rosa;rosa-hcp,cf845996e8,Vale and Dita work for Networking,
modules/setting-up-an-aws-iam-role-a-service-account.adoc,other-distro-only,secure,configure-iam-roles-for-aws-operators,authentication/assuming-an-aws-iam-role-for-a-service-account.adoc,rosa;rosa-hcp,7d6dff7d57,OSDOCS-1594 - Adding pod identity webhook content for ROSA,
modules/understanding-pod-identity-webhook-workflow-in-user-defined-projects.adoc,other-distro-only,secure,configure-iam-roles-for-aws-operators,authentication/assuming-an-aws-iam-role-for-a-service-account.adoc,rosa;rosa-hcp,7d6dff7d57,OSDOCS-1594 - Adding pod identity webhook content for ROSA,
modules/verifying-the-assumed-iam-role-in-your-pod.adoc,other-distro-only,secure,configure-iam-roles-for-aws-operators,authentication/assuming-an-aws-iam-role-for-a-service-account.adoc,rosa;rosa-hcp,7d6dff7d57,OSDOCS-1594 - Adding pod identity webhook content for ROSA,
modules/rosa-troubleshooting-networking-nlb.adoc,other-distro-only,troubleshoot,incident-investigation-75-reconstruct-timeline-of-network-events,support/troubleshooting/rosa-troubleshooting-networking.adoc,rosa;rosa-hcp,e1c6555a0b,OSDOCS-6139.2: Updating ROSA with HCP docs for GA,
modules/das-operator-deploying-workloads.adoc,assembly-not-in-topic-map,administer,allocate-gpu-resources-to-pods,hardware_accelerators/das-about-dynamic-accelerator-slicer-operator.adoc,,1ecbac52c4,TELCODOCS-2140: First draft,
modules/eco-node-health-check-operator-about.adoc,no-including-assembly,troubleshoot,use-the-vsphere-problem-detector-operator,,,6be58ccd43,Documentaion for the Node Health Check Operator,
modules/eco-node-health-check-operator-control-plane-fencing.adoc,no-including-assembly,troubleshoot,use-the-vsphere-problem-detector-operator,,,73733b331b,TELCODOCS-502: Configuring worker machinehealth check module updated & Configuring control-plane machine health check module added,
modules/eco-node-health-check-operator-creating-node-health-check.adoc,no-including-assembly,troubleshoot,use-the-vsphere-problem-detector-operator,,,a67309d8b9,TELCODOCS-78: Creating a node heatlh check module added,
modules/eco-node-health-check-operator-installation-cli.adoc,no-including-assembly,troubleshoot,troubleshoot-extension-installation,,,6be58ccd43,Documentaion for the Node Health Check Operator,
modules/eco-node-health-check-operator-installation-web-console.adoc,no-including-assembly,troubleshoot,troubleshoot-extension-installation,,,6be58ccd43,Documentaion for the Node Health Check Operator,yes
modules/cluster-logging-collector-collecting-ovn-logs.adoc,no-including-assembly,validate,correlate-denied-connections-with-policy-rules;identify-traffic-flows-blocked-by-policies,,,ba45d89e39,logging-5.2,
