job_name,job_statement,parent_job,job_coverage,module_file,source_assembly,module_status,module_note,job_notes
Determine if the on-disk state of a node differs from what is configured in the machine config.,"When someone manually edits a file on a node that the MCO manages, I want to understand how OpenShift detects configuration drift, so I can prevent inconsistent nodes and blocked updates.",,full,modules/machine-config-drift-detection.adoc,machine_configuration/index.adoc,full,,"CSV column 4 says ""Ben is handling this in OSDOCS 22833"" -- confirm this job is not already being built there before generating a duplicate job map."
Check the status of the nodes in a machine config pool.,"When I want to see the current state of nodes in each machine config pool, I can run the `oc get mcp` command so that I can see if there are any issues on my nodes.",,full,modules/architecture-machine-config-pools.adoc,machine_configuration/index.adoc,partial,concept: explains what an MCP is; the status commands are in the checking-mco-* modules,
Check the status of the nodes in a machine config pool.,"When I want to see the current state of nodes in each machine config pool, I can run the `oc get mcp` command so that I can see if there are any issues on my nodes.",,full,modules/checking-mco-status.adoc,machine_configuration/index.adoc,full,,
Check the status of the nodes in a machine config pool.,"When I want to see the current state of nodes in each machine config pool, I can run the `oc get mcp` command so that I can see if there are any issues on my nodes.",,full,modules/checking-mco-node-status.adoc,machine_configuration/index.adoc,full,,
Check the status of a node as configuration changes are applied.,"When someone updates a node so that a new machine config is created, I can view the status of the affected nodes as they update, so I can make sure there are no issues and learn when the nodes are available.",,full,modules/checking-mco-node-status.adoc,machine_configuration/index.adoc,full,,
Check the status of a node as configuration changes are applied.,"When someone updates a node so that a new machine config is created, I can view the status of the affected nodes as they update, so I can make sure there are no issues and learn when the nodes are available.",,full,modules/checking-mco-node-status-configuring.adoc,machine_configuration/index.adoc,full,,
Check the status of a node as configuration changes are applied.,"When someone updates a node so that a new machine config is created, I can view the status of the affected nodes as they update, so I can make sure there are no issues and learn when the nodes are available.",,full,modules/checking-mco-status.adoc,machine_configuration/index.adoc,partial,pool-level status; the node-level detail is in the checking-mco-node-status modules,
Monitor Machine Config Daemon metrics,Monitor Machine Config Daemon metrics.,,full,modules/machine-config-daemon-metrics-understanding.adoc,machine_configuration/machine-config-daemon-metrics.adoc,full,,
"Add software to my nodes that I can use to track system resources such as CPU, memory, disks, and network activity.","When I want to track system resources such as CPU, memory, disks, and network activity on nodes in a specific pool, I can use a machine config object to add the RHEL sysstat package to all the nodes.",,partial,modules/rhcos-add-extensions.adoc,machine_configuration/machine-configs-configure.adoc,partial,"documents the RHCOS extensions mechanism and lists sysstat, but the worked procedure uses usbguard, not sysstat",The only worked example in rhcos-add-extensions.adoc adds usbguard. The job asks specifically for sysstat: no module shows a sysstat MachineConfig or how to read sar output on a node.
Monitor Network Performance,"When I need visibility into network behavior, I want to view networking dashboards and metrics, so I can identify and resolve connectivity issues",,partial,modules/monitoring-reviewing-monitoring-dashboards-admin.adoc,observability/monitoring/accessing-metrics/accessing-metrics-as-an-administrator.adoc,partial,generic console dashboards; not networking-specific,Parent job: served almost entirely by its 10.x children. No landing-page module frames networking observability as one workflow.
Monitor Network Performance,"When I need visibility into network behavior, I want to view networking dashboards and metrics, so I can identify and resolve connectivity issues",,partial,modules/network-observability-dashboards.adoc,observability/network_observability/network-observability-overview.adoc,partial,concept only,Parent job: served almost entirely by its 10.x children. No landing-page module frames networking observability as one workflow.
Monitor Network Performance > 10.1 View Networking Dashboards,View networking dashboards.,Monitor Network Performance,partial,modules/monitoring-reviewing-monitoring-dashboards-admin.adoc,observability/monitoring/accessing-metrics/accessing-metrics-as-an-administrator.adoc,partial,"covers reaching the Dashboards page, not the Networking dashboard contents",Missing: the built-in console *Networking* dashboards (available without the Network Observability Operator) are not documented anywhere. Only the Network Observability dashboards are.
Monitor Network Performance > 10.1 View Networking Dashboards,View networking dashboards.,Monitor Network Performance,partial,modules/network-observability-viewing-dashboards.adoc,observability/network_observability/metrics-alerts-dashboards.adoc,full,,Missing: the built-in console *Networking* dashboards (available without the Network Observability Operator) are not documented anywhere. Only the Network Observability dashboards are.
Monitor Network Performance > 10.1 View Networking Dashboards,View networking dashboards.,Monitor Network Performance,partial,modules/network-observability-dashboards.adoc,observability/network_observability/network-observability-overview.adoc,partial,concept only,Missing: the built-in console *Networking* dashboards (available without the Network Observability Operator) are not documented anywhere. Only the Network Observability dashboards are.
Monitor Network Performance > 10.2 View Operator Metrics,Monitor operator health and performance.,Monitor Network Performance,partial,modules/nw-anp-banp-metrics.adoc,networking/network_security/AdminNetworkPolicy/ovn-k-anp-banp-metrics.adoc,full,,"Missing: no module collects networking operator metrics in one place. Coverage is per-operator (ANP/BANP, MetalLB, Ingress, network metrics daemon) and there is no metrics reference for the Cluster Network Operator or DNS Operator at all."
Monitor Network Performance > 10.2 View Operator Metrics,Monitor operator health and performance.,Monitor Network Performance,partial,modules/nw-metallb-metrics.adoc,networking/ingress_load_balancing/metallb/metallb-troubleshoot-support.adoc,full,,"Missing: no module collects networking operator metrics in one place. Coverage is per-operator (ANP/BANP, MetalLB, Ingress, network metrics daemon) and there is no metrics reference for the Cluster Network Operator or DNS Operator at all."
Monitor Network Performance > 10.2 View Operator Metrics,Monitor operator health and performance.,Monitor Network Performance,partial,modules/nw-exposing-router-metrics.adoc,networking/networking_operators/ingress-operator.adoc,full,,"Missing: no module collects networking operator metrics in one place. Coverage is per-operator (ANP/BANP, MetalLB, Ingress, network metrics daemon) and there is no metrics reference for the Cluster Network Operator or DNS Operator at all."
Monitor Network Performance > 10.2 View Operator Metrics,Monitor operator health and performance.,Monitor Network Performance,partial,modules/cnf-network-metrics-daemon.adoc,networking/advanced_networking/associating-secondary-interfaces-metrics-to-network-attachments.adoc,partial,secondary-interface metrics only,"Missing: no module collects networking operator metrics in one place. Coverage is per-operator (ANP/BANP, MetalLB, Ingress, network metrics daemon) and there is no metrics reference for the Cluster Network Operator or DNS Operator at all."
Monitor Network Performance > 10.3 View Operator Logs,Troubleshoot operators through log analysis.,Monitor Network Performance,full,modules/nw-cno-logs.adoc,networking/networking_operators/cluster-network-operator.adoc,full,,
Monitor Network Performance > 10.3 View Operator Logs,Troubleshoot operators through log analysis.,Monitor Network Performance,full,modules/nw-dns-operator-logs.adoc,networking/networking_operators/dns-operator.adoc,full,,
Monitor Network Performance > 10.3 View Operator Logs,Troubleshoot operators through log analysis.,Monitor Network Performance,full,modules/nw-ingress-operator-logs.adoc,networking/networking_operators/ingress-operator.adoc,full,,
Monitor Network Performance > 10.3 View Operator Logs,Troubleshoot operators through log analysis.,Monitor Network Performance,full,modules/nw-ovn-kubernetes-logs-cli.adoc,networking/ovn_kubernetes_network_provider/ovn-kubernetes-troubleshooting-sources.adoc,full,,
Monitor Network Performance > 10.3 View Operator Logs,Troubleshoot operators through log analysis.,Monitor Network Performance,full,modules/nw-ovn-kubernetes-logs-console.adoc,networking/ovn_kubernetes_network_provider/ovn-kubernetes-troubleshooting-sources.adoc,full,,
Monitor Network Performance > 10.4 Monitor Cluster Network Operator Status,Verify CNO and DNS Operator health.,Monitor Network Performance,full,modules/nw-cluster-network-operator.adoc,networking/networking_operators/cluster-network-operator.adoc,partial,concept: what the CNO is,
Monitor Network Performance > 10.4 Monitor Cluster Network Operator Status,Verify CNO and DNS Operator health.,Monitor Network Performance,full,modules/nw-cno-view.adoc,networking/networking_operators/cluster-network-operator.adoc,full,,
Monitor Network Performance > 10.4 Monitor Cluster Network Operator Status,Verify CNO and DNS Operator health.,Monitor Network Performance,full,modules/nw-cno-status.adoc,networking/networking_operators/cluster-network-operator.adoc,full,,
Monitor Network Performance > 10.4 Monitor Cluster Network Operator Status,Verify CNO and DNS Operator health.,Monitor Network Performance,full,modules/nw-dns-operator-status.adoc,networking/networking_operators/dns-operator.adoc,full,,
Monitor Network Performance > 10.5 Monitor Network Traffic with network observability,Monitor network traffic by using the Network Observability Operator.,Monitor Network Performance,full,modules/network-observability-network-traffic-overview-view.adoc,observability/network_observability/observing-network-traffic.adoc,full,,
Monitor Network Performance > 10.5 Monitor Network Traffic with network observability,Monitor network traffic by using the Network Observability Operator.,Monitor Network Performance,full,modules/network-observability-working-with-overview.adoc,observability/network_observability/observing-network-traffic.adoc,full,,
Monitor Network Performance > 10.5 Monitor Network Traffic with network observability,Monitor network traffic by using the Network Observability Operator.,Monitor Network Performance,full,modules/network-observability-configuring-options-overview.adoc,observability/network_observability/observing-network-traffic.adoc,full,,
Monitor Network Performance > 10.5 Monitor Network Traffic with network observability,Monitor network traffic by using the Network Observability Operator.,Monitor Network Performance,full,modules/network-observability-trafficflow.adoc,observability/network_observability/observing-network-traffic.adoc,full,,
Monitor Network Performance > 10.5 Monitor Network Traffic with network observability,Monitor network traffic by using the Network Observability Operator.,Monitor Network Performance,full,modules/network-observability-working-with-trafficflow.adoc,observability/network_observability/observing-network-traffic.adoc,full,,
Monitor Network Performance > 10.5 Monitor Network Traffic with network observability,Monitor network traffic by using the Network Observability Operator.,Monitor Network Performance,full,modules/network-observability-configuring-options-trafficflow.adoc,observability/network_observability/observing-network-traffic.adoc,full,,
Monitor Network Performance > 10.5 Monitor Network Traffic with network observability,Monitor network traffic by using the Network Observability Operator.,Monitor Network Performance,full,modules/network-observability-topology.adoc,observability/network_observability/observing-network-traffic.adoc,full,,
Monitor Network Performance > 10.5 Monitor Network Traffic with network observability,Monitor network traffic by using the Network Observability Operator.,Monitor Network Performance,full,modules/network-observability-working-with-topology.adoc,observability/network_observability/observing-network-traffic.adoc,full,,
Monitor Network Performance > 10.5 Monitor Network Traffic with network observability,Monitor network traffic by using the Network Observability Operator.,Monitor Network Performance,full,modules/network-observability-configuring-options-topology.adoc,observability/network_observability/observing-network-traffic.adoc,full,,
Monitor Network Performance > 10.5 Monitor Network Traffic with network observability,Monitor network traffic by using the Network Observability Operator.,Monitor Network Performance,full,modules/network-observability-quickfilter.adoc,observability/network_observability/observing-network-traffic.adoc,full,,
Monitor Network Performance > 10.5.1 Monitor Network Observability Operator health,Monitor the health of the Network Observability Operator.,Monitor Network Performance > 10.5 Monitor Network Traffic with network observability,full,modules/network-observability-health-dashboard-overview.adoc,observability/network_observability/network-observability-operator-monitoring.adoc,full,,"Duplicate: the same job is repeated in the CSV as ""Network Observability Deployment and Management > - 11.13 Monitor Network Observability operator health"". Build it once here."
Monitor Network Performance > 10.5.1 Monitor Network Observability Operator health,Monitor the health of the Network Observability Operator.,Monitor Network Performance > 10.5 Monitor Network Traffic with network observability,full,modules/network-observability-health-alerts-overview.adoc,observability/network_observability/network-observability-operator-monitoring.adoc,full,,"Duplicate: the same job is repeated in the CSV as ""Network Observability Deployment and Management > - 11.13 Monitor Network Observability operator health"". Build it once here."
Monitor Network Performance > 10.5.1 Monitor Network Observability Operator health,Monitor the health of the Network Observability Operator.,Monitor Network Performance > 10.5 Monitor Network Traffic with network observability,full,modules/network-observability-viewing-alerts.adoc,observability/network_observability/network-observability-operator-monitoring.adoc,full,,"Duplicate: the same job is repeated in the CSV as ""Network Observability Deployment and Management > - 11.13 Monitor Network Observability operator health"". Build it once here."
Monitor Network Performance > 10.5.1 Monitor Network Observability Operator health,Monitor the health of the Network Observability Operator.,Monitor Network Performance > 10.5 Monitor Network Traffic with network observability,full,modules/network-observability-disabling-health-alerts.adoc,observability/network_observability/network-observability-operator-monitoring.adoc,full,,"Duplicate: the same job is repeated in the CSV as ""Network Observability Deployment and Management > - 11.13 Monitor Network Observability operator health"". Build it once here."
Monitor Network Performance > 10.5.1 Monitor Network Observability Operator health,Monitor the health of the Network Observability Operator.,Monitor Network Performance > 10.5 Monitor Network Traffic with network observability,full,modules/network-observability-rate-limit-alert.adoc,observability/network_observability/network-observability-operator-monitoring.adoc,full,,"Duplicate: the same job is repeated in the CSV as ""Network Observability Deployment and Management > - 11.13 Monitor Network Observability operator health"". Build it once here."
Monitor Network Performance > 10.5.1 Monitor Network Observability Operator health,Monitor the health of the Network Observability Operator.,Monitor Network Performance > 10.5 Monitor Network Traffic with network observability,full,modules/network-observability-ebpf-agent-alert.adoc,observability/network_observability/network-observability-operator-monitoring.adoc,full,,"Duplicate: the same job is repeated in the CSV as ""Network Observability Deployment and Management > - 11.13 Monitor Network Observability operator health"". Build it once here."
Monitor Network Performance > 10.5.1 Monitor Network Observability Operator health,Monitor the health of the Network Observability Operator.,Monitor Network Performance > 10.5 Monitor Network Traffic with network observability,full,modules/nw-view-status-configuration-network-observability-operator.adoc,observability/network_observability/understanding-network-observability-operator.adoc,full,,"Duplicate: the same job is repeated in the CSV as ""Network Observability Deployment and Management > - 11.13 Monitor Network Observability operator health"". Build it once here."
Monitor Network Performance > 10.5.2 Detect and Investigate network observability Issues,Detect and investigate Network Observability issues.,Monitor Network Performance > 10.5 Monitor Network Traffic with network observability,full,modules/troubleshooting-network-observability-must-gather.adoc,observability/network_observability/troubleshooting-network-observability.adoc,full,,
Monitor Network Performance > 10.5.2 Detect and Investigate network observability Issues,Detect and investigate Network Observability issues.,Monitor Network Performance > 10.5 Monitor Network Traffic with network observability,full,modules/troubleshooting-network-observability-after-installation.adoc,observability/network_observability/troubleshooting-network-observability.adoc,full,,
Monitor Network Performance > 10.5.2 Detect and Investigate network observability Issues,Detect and investigate Network Observability issues.,Monitor Network Performance > 10.5 Monitor Network Traffic with network observability,full,modules/troubleshooting-network-observability-flowlogs-pipeline-kafka.adoc,observability/network_observability/troubleshooting-network-observability.adoc,full,,
Monitor Network Performance > 10.5.2 Detect and Investigate network observability Issues,Detect and investigate Network Observability issues.,Monitor Network Performance > 10.5 Monitor Network Traffic with network observability,full,modules/troubleshooting-network-observability-network-flow.adoc,observability/network_observability/troubleshooting-network-observability.adoc,full,,
Monitor Network Performance > 10.5.2 Detect and Investigate network observability Issues,Detect and investigate Network Observability issues.,Monitor Network Performance > 10.5 Monitor Network Traffic with network observability,full,modules/troubleshooting-network-observability-controller-manager-pod-out-of-memory.adoc,observability/network_observability/troubleshooting-network-observability.adoc,full,,
Monitor Network Performance > 10.5.2 Detect and Investigate network observability Issues,Detect and investigate Network Observability issues.,Monitor Network Performance > 10.5 Monitor Network Traffic with network observability,full,modules/troubleshooting-network-observability-query-loki-manually.adoc,observability/network_observability/troubleshooting-network-observability.adoc,full,,
Monitor Network Performance > 10.5.2 Detect and Investigate network observability Issues,Detect and investigate Network Observability issues.,Monitor Network Performance > 10.5 Monitor Network Traffic with network observability,full,modules/troubleshooting-network-observability-loki-resource-exhausted.adoc,observability/network_observability/troubleshooting-network-observability.adoc,full,,
Monitor Network Performance > 10.5.2 Detect and Investigate network observability Issues,Detect and investigate Network Observability issues.,Monitor Network Performance > 10.5 Monitor Network Traffic with network observability,full,modules/troubleshooting-network-observability-loki-empty-ring.adoc,observability/network_observability/troubleshooting-network-observability.adoc,full,,
Monitor Network Performance > 10.5.2 Detect and Investigate network observability Issues,Detect and investigate Network Observability issues.,Monitor Network Performance > 10.5 Monitor Network Traffic with network observability,full,modules/troubleshooting-network-observability-loki-tenant-rate-limit.adoc,observability/network_observability/troubleshooting-network-observability.adoc,full,,
Monitor Network Performance > 10.5.2 Detect and Investigate network observability Issues,Detect and investigate Network Observability issues.,Monitor Network Performance > 10.5 Monitor Network Traffic with network observability,full,modules/troubleshooting-network-observability-loki-large-query-timeout.adoc,observability/network_observability/troubleshooting-network-observability.adoc,full,,
"Observe, audit, and review policy enforcement","When I must prove controls work or confirm what is deployed, I need audit logging, admin-policy metrics, and ways to inspect policy objects—so operational visibility does not depend on tribal knowledge.",,full,modules/nw-audit-configuration.adoc,networking/network_security/logging-network-security.adoc,full,,"Duplicate CSV rows collapsed: this job appears twice in the source sheet (once with 11.x numbering, once without)."
"Observe, audit, and review policy enforcement","When I must prove controls work or confirm what is deployed, I need audit logging, admin-policy metrics, and ways to inspect policy objects—so operational visibility does not depend on tribal knowledge.",,full,modules/nw-networkpolicy-audit-concept.adoc,networking/network_security/logging-network-security.adoc,full,,"Duplicate CSV rows collapsed: this job appears twice in the source sheet (once with 11.x numbering, once without)."
"Observe, audit, and review policy enforcement","When I must prove controls work or confirm what is deployed, I need audit logging, admin-policy metrics, and ways to inspect policy objects—so operational visibility does not depend on tribal knowledge.",,full,modules/nw-anp-audit-logging-concept.adoc,networking/network_security/logging-network-security.adoc,full,,"Duplicate CSV rows collapsed: this job appears twice in the source sheet (once with 11.x numbering, once without)."
"Observe, audit, and review policy enforcement","When I must prove controls work or confirm what is deployed, I need audit logging, admin-policy metrics, and ways to inspect policy objects—so operational visibility does not depend on tribal knowledge.",,full,modules/nw-banp-audit-logging-concept.adoc,networking/network_security/logging-network-security.adoc,full,,"Duplicate CSV rows collapsed: this job appears twice in the source sheet (once with 11.x numbering, once without)."
"Observe, audit, and review policy enforcement > 11.1 Collect audit evidence for policy enforcement",Collect audit evidence for policy enforcement.,"Observe, audit, and review policy enforcement",full,modules/nw-audit-configuration.adoc,networking/network_security/logging-network-security.adoc,full,,"Duplicate CSV rows collapsed: this job appears twice in the source sheet (once with 11.x numbering, once without)."
"Observe, audit, and review policy enforcement > 11.1 Collect audit evidence for policy enforcement",Collect audit evidence for policy enforcement.,"Observe, audit, and review policy enforcement",full,modules/nw-networkpolicy-audit-configure.adoc,networking/network_security/logging-network-security.adoc,full,,"Duplicate CSV rows collapsed: this job appears twice in the source sheet (once with 11.x numbering, once without)."
"Observe, audit, and review policy enforcement > 11.1 Collect audit evidence for policy enforcement",Collect audit evidence for policy enforcement.,"Observe, audit, and review policy enforcement",full,modules/nw-networkpolicy-audit-enable.adoc,networking/network_security/logging-network-security.adoc,full,,"Duplicate CSV rows collapsed: this job appears twice in the source sheet (once with 11.x numbering, once without)."
"Observe, audit, and review policy enforcement > 11.1 Collect audit evidence for policy enforcement",Collect audit evidence for policy enforcement.,"Observe, audit, and review policy enforcement",full,modules/nw-networkpolicy-audit-disable.adoc,networking/network_security/logging-network-security.adoc,full,,"Duplicate CSV rows collapsed: this job appears twice in the source sheet (once with 11.x numbering, once without)."
"Observe, audit, and review policy enforcement > 11.2 Monitor administrative policy health",Monitor administrative policy health.,"Observe, audit, and review policy enforcement",full,modules/nw-anp-banp-metrics.adoc,networking/network_security/AdminNetworkPolicy/ovn-k-anp-banp-metrics.adoc,full,,"Duplicate CSV rows collapsed: this job appears twice in the source sheet (once with 11.x numbering, once without)."
"Observe, audit, and review policy enforcement > 11.2 Monitor administrative policy health",Monitor administrative policy health.,"Observe, audit, and review policy enforcement",full,modules/nw-anp-audit-logging-concept.adoc,networking/network_security/logging-network-security.adoc,full,,"Duplicate CSV rows collapsed: this job appears twice in the source sheet (once with 11.x numbering, once without)."
"Observe, audit, and review policy enforcement > 11.2 Monitor administrative policy health",Monitor administrative policy health.,"Observe, audit, and review policy enforcement",full,modules/nw-banp-audit-logging-concept.adoc,networking/network_security/logging-network-security.adoc,full,,"Duplicate CSV rows collapsed: this job appears twice in the source sheet (once with 11.x numbering, once without)."
"Observe, audit, and review policy enforcement > 11.3 Review namespace policy and verify admin policy deployment",Review namespace policy and verify admin policy deployment.,"Observe, audit, and review policy enforcement",full,modules/nw-networkpolicy-object.adoc,networking/network_security/network_policy/viewing-network-policy.adoc,partial,concept: what a NetworkPolicy object is,"Duplicate CSV rows collapsed: this job appears twice in the source sheet (once with 11.x numbering, once without)."
"Observe, audit, and review policy enforcement > 11.3 Review namespace policy and verify admin policy deployment",Review namespace policy and verify admin policy deployment.,"Observe, audit, and review policy enforcement",full,modules/nw-networkpolicy-view-cli.adoc,networking/network_security/network_policy/viewing-network-policy.adoc,full,"ifeval context dispatch: the module has an ifeval::[""{context}"" == ""configuring-multi-network-policy""] branch. The source assembly context is viewing-network-policy, so that branch is correctly suppressed -- the job map must render this module under the viewing-network-policy context, not the multi-network-policy one","Duplicate CSV rows collapsed: this job appears twice in the source sheet (once with 11.x numbering, once without)."
"Observe, audit, and review policy enforcement > 11.3 Review namespace policy and verify admin policy deployment",Review namespace policy and verify admin policy deployment.,"Observe, audit, and review policy enforcement",full,modules/nw-networkpolicy-view-ocm.adoc,networking/network_security/network_policy/viewing-network-policy.adoc,full,,"Duplicate CSV rows collapsed: this job appears twice in the source sheet (once with 11.x numbering, once without)."
Network Flow Visibility > 2.1 View pod-to-pod communication patterns in topology view,View pod-to-pod communication patterns in the topology view.,Network Flow Visibility,full,modules/network-observability-topology.adoc,observability/network_observability/observing-network-traffic.adoc,full,,"orphan: parent job ""Network Flow Visibility"" is not a job in the Observe CSV; create the job map but wire it into nothing here."
Network Flow Visibility > 2.1 View pod-to-pod communication patterns in topology view,View pod-to-pod communication patterns in the topology view.,Network Flow Visibility,full,modules/network-observability-working-with-topology.adoc,observability/network_observability/observing-network-traffic.adoc,full,,"orphan: parent job ""Network Flow Visibility"" is not a job in the Observe CSV; create the job map but wire it into nothing here."
Network Flow Visibility > 2.1 View pod-to-pod communication patterns in topology view,View pod-to-pod communication patterns in the topology view.,Network Flow Visibility,full,modules/network-observability-configuring-options-topology.adoc,observability/network_observability/observing-network-traffic.adoc,full,,"orphan: parent job ""Network Flow Visibility"" is not a job in the Observe CSV; create the job map but wire it into nothing here."
Network Flow Visibility > 2.2 Explore detailed flow records in traffic flows table,Explore detailed flow records in the traffic flows table.,Network Flow Visibility,full,modules/network-observability-trafficflow.adoc,observability/network_observability/observing-network-traffic.adoc,full,,"orphan: parent job ""Network Flow Visibility"" is not a job in the Observe CSV; create the job map but wire it into nothing here."
Network Flow Visibility > 2.2 Explore detailed flow records in traffic flows table,Explore detailed flow records in the traffic flows table.,Network Flow Visibility,full,modules/network-observability-working-with-trafficflow.adoc,observability/network_observability/observing-network-traffic.adoc,full,,"orphan: parent job ""Network Flow Visibility"" is not a job in the Observe CSV; create the job map but wire it into nothing here."
Network Flow Visibility > 2.2 Explore detailed flow records in traffic flows table,Explore detailed flow records in the traffic flows table.,Network Flow Visibility,full,modules/network-observability-configuring-options-trafficflow.adoc,observability/network_observability/observing-network-traffic.adoc,full,,"orphan: parent job ""Network Flow Visibility"" is not a job in the Observe CSV; create the job map but wire it into nothing here."
Network Flow Visibility > 2.3 Monitor bytes transferred and connection counts,Monitor bytes transferred and connection counts.,Network Flow Visibility,full,modules/network-observability-working-with-conversations.adoc,observability/network_observability/observing-network-traffic.adoc,full,,"orphan: parent job ""Network Flow Visibility"" is not a job in the Observe CSV; create the job map but wire it into nothing here."
Network Flow Visibility > 2.3 Monitor bytes transferred and connection counts,Monitor bytes transferred and connection counts.,Network Flow Visibility,full,modules/network-observability-histogram-trafficflow.adoc,observability/network_observability/observing-network-traffic.adoc,full,,"orphan: parent job ""Network Flow Visibility"" is not a job in the Observe CSV; create the job map but wire it into nothing here."
Network Flow Visibility > 2.3 Monitor bytes transferred and connection counts,Monitor bytes transferred and connection counts.,Network Flow Visibility,full,modules/network-observability-metrics-names.adoc,observability/network_observability/metrics-alerts-dashboards.adoc,full,,"orphan: parent job ""Network Flow Visibility"" is not a job in the Observe CSV; create the job map but wire it into nothing here."
Network Flow Visibility > 2.4 Analyze DNS resolution patterns and errors,Analyze DNS resolution patterns and errors.,Network Flow Visibility,full,modules/network-observability-dns-overview.adoc,observability/network_observability/observing-network-traffic.adoc,full,,"orphan: parent job ""Network Flow Visibility"" is not a job in the Observe CSV; create the job map but wire it into nothing here."
Network Flow Visibility > 2.4 Analyze DNS resolution patterns and errors,Analyze DNS resolution patterns and errors.,Network Flow Visibility,full,modules/network-observability-dns-tracking.adoc,observability/network_observability/observing-network-traffic.adoc,full,,"orphan: parent job ""Network Flow Visibility"" is not a job in the Observe CSV; create the job map but wire it into nothing here."
Network Flow Visibility > 2.4 Analyze DNS resolution patterns and errors,Analyze DNS resolution patterns and errors.,Network Flow Visibility,full,modules/network-observability-dns-resolution-analysis-strategic-benefits.adoc,observability/network_observability/network-observability-dns-resolution-analysis.adoc,full,,"orphan: parent job ""Network Flow Visibility"" is not a job in the Observe CSV; create the job map but wire it into nothing here."
Network Flow Visibility > 2.4 Analyze DNS resolution patterns and errors,Analyze DNS resolution patterns and errors.,Network Flow Visibility,full,modules/network-observability-dns-resolution-analysis-configure.adoc,observability/network_observability/network-observability-dns-resolution-analysis.adoc,full,,"orphan: parent job ""Network Flow Visibility"" is not a job in the Observe CSV; create the job map but wire it into nothing here."
Network Flow Visibility > 2.4 Analyze DNS resolution patterns and errors,Analyze DNS resolution patterns and errors.,Network Flow Visibility,full,modules/network-observability-dns-resolution-analysis-reference.adoc,observability/network_observability/network-observability-dns-resolution-analysis.adoc,full,,"orphan: parent job ""Network Flow Visibility"" is not a job in the Observe CSV; create the job map but wire it into nothing here."
Network Flow Visibility > 2.5 Track traffic on SR-IOV and secondary network interfaces,Track traffic on SR-IOV and secondary network interfaces.,Network Flow Visibility,full,modules/network-observability-SRIOV-configuration.adoc,observability/network_observability/network-observability-secondary-networks.adoc,full,,"orphan: parent job ""Network Flow Visibility"" is not a job in the Observe CSV; create the job map but wire it into nothing here."
Network Flow Visibility > 2.5 Track traffic on SR-IOV and secondary network interfaces,Track traffic on SR-IOV and secondary network interfaces.,Network Flow Visibility,full,modules/network-observability-virtualization-configuration.adoc,observability/network_observability/network-observability-secondary-networks.adoc,full,,"orphan: parent job ""Network Flow Visibility"" is not a job in the Observe CSV; create the job map but wire it into nothing here."
Network Flow Visibility > 2.5 Track traffic on SR-IOV and secondary network interfaces,Track traffic on SR-IOV and secondary network interfaces.,Network Flow Visibility,full,modules/cnf-associating-secondary-interfaces-metrics-to-network-attachments.adoc,networking/advanced_networking/associating-secondary-interfaces-metrics-to-network-attachments.adoc,full,,"orphan: parent job ""Network Flow Visibility"" is not a job in the Observe CSV; create the job map but wire it into nothing here."
Network Flow Visibility > 2.5 Track traffic on SR-IOV and secondary network interfaces,Track traffic on SR-IOV and secondary network interfaces.,Network Flow Visibility,full,modules/cnf-metrics-secondary-interfaces-by-name.adoc,networking/advanced_networking/associating-secondary-interfaces-metrics-to-network-attachments.adoc,full,,"orphan: parent job ""Network Flow Visibility"" is not a job in the Observe CSV; create the job map but wire it into nothing here."
Performance Investigation,"When applications experience degraded performance, I want to identify network latency, retransmissions, and traffic bottlenecks, so I can determine whether the network is contributing to the issue.",,partial,modules/network-observability-RTT-overview.adoc,observability/network_observability/observing-network-traffic.adoc,full,,"Missing: no module ties latency, retransmission, and bottleneck signals together into a single investigation workflow, and nothing covers 4.4 or 4.5 (comparing metrics before/during degradation, correlating network with application performance)."
Performance Investigation,"When applications experience degraded performance, I want to identify network latency, retransmissions, and traffic bottlenecks, so I can determine whether the network is contributing to the issue.",,partial,modules/network-observability-RTT.adoc,observability/network_observability/observing-network-traffic.adoc,full,,"Missing: no module ties latency, retransmission, and bottleneck signals together into a single investigation workflow, and nothing covers 4.4 or 4.5 (comparing metrics before/during degradation, correlating network with application performance)."
Performance Investigation,"When applications experience degraded performance, I want to identify network latency, retransmissions, and traffic bottlenecks, so I can determine whether the network is contributing to the issue.",,partial,modules/network-observability-pktdrop-overview.adoc,observability/network_observability/observing-network-traffic.adoc,full,,"Missing: no module ties latency, retransmission, and bottleneck signals together into a single investigation workflow, and nothing covers 4.4 or 4.5 (comparing metrics before/during degradation, correlating network with application performance)."
Performance Investigation,"When applications experience degraded performance, I want to identify network latency, retransmissions, and traffic bottlenecks, so I can determine whether the network is contributing to the issue.",,partial,modules/network-observability-packet-drops.adoc,observability/network_observability/observing-network-traffic.adoc,full,,"Missing: no module ties latency, retransmission, and bottleneck signals together into a single investigation workflow, and nothing covers 4.4 or 4.5 (comparing metrics before/during degradation, correlating network with application performance)."
Performance Investigation > 4.1 Measure TCP round-trip time (RTT) and latency trends,Measure TCP round-trip time (RTT) and latency trends.,Performance Investigation,full,modules/network-observability-RTT-overview.adoc,observability/network_observability/observing-network-traffic.adoc,full,,
Performance Investigation > 4.1 Measure TCP round-trip time (RTT) and latency trends,Measure TCP round-trip time (RTT) and latency trends.,Performance Investigation,full,modules/network-observability-RTT.adoc,observability/network_observability/observing-network-traffic.adoc,full,,
Performance Investigation > 4.2 Identify high-latency connections and slow endpoints,Identify high-latency connections and slow endpoints.,Performance Investigation,partial,modules/network-observability-RTT.adoc,observability/network_observability/observing-network-traffic.adoc,partial,"shows how to enable and read RTT, not how to rank or threshold slow endpoints","Missing: no guidance on filtering or sorting to isolate the slowest connections, and no reference for what RTT values count as high."
Performance Investigation > 4.2 Identify high-latency connections and slow endpoints,Identify high-latency connections and slow endpoints.,Performance Investigation,partial,modules/network-observability-working-with-conversations.adoc,observability/network_observability/observing-network-traffic.adoc,partial,per-conversation view can surface slow endpoints but does not say so,"Missing: no guidance on filtering or sorting to isolate the slowest connections, and no reference for what RTT values count as high."
Performance Investigation > 4.3 Detect retransmissions and packet loss patterns,Detect retransmissions and packet loss patterns.,Performance Investigation,full,modules/network-observability-pktdrop-overview.adoc,observability/network_observability/observing-network-traffic.adoc,full,,
Performance Investigation > 4.3 Detect retransmissions and packet loss patterns,Detect retransmissions and packet loss patterns.,Performance Investigation,full,modules/network-observability-packet-drops.adoc,observability/network_observability/observing-network-traffic.adoc,full,,
Performance Investigation > 4.4 Compare performance metrics before and during degradation,Compare performance metrics before and during degradation.,Performance Investigation,gap,,,gap,,No module covers comparing network metrics across time windows or establishing a baseline before degradation.
Performance Investigation > 4.5 Correlate network metrics with application performance,Correlate network metrics with application performance.,Performance Investigation,gap,,,gap,,No module correlates Network Observability flow metrics with application or workload metrics from user workload monitoring.
Traffic Analysis,"When network utilization changes unexpectedly, I want to identify the workloads, namespaces, and connections generating traffic, so I can understand resource consumption and prevent congestion.",,partial,modules/network-observability-working-with-topology.adoc,observability/network_observability/observing-network-traffic.adoc,full,,"Parent of the 5.x series. CSV malformation: the source sheet lists the parent as a bare section number (""5.1""/""5.2""/""5.3""/""5.4"") instead of a job name. Reassigned to ""Traffic Analysis"", the top-level job whose statement matches the 5.x series. Detection-oriented sub-jobs (5.2, 5.7) are only partly covered."
Traffic Analysis,"When network utilization changes unexpectedly, I want to identify the workloads, namespaces, and connections generating traffic, so I can understand resource consumption and prevent congestion.",,partial,modules/network-observability-working-with-trafficflow.adoc,observability/network_observability/observing-network-traffic.adoc,full,,"Parent of the 5.x series. CSV malformation: the source sheet lists the parent as a bare section number (""5.1""/""5.2""/""5.3""/""5.4"") instead of a job name. Reassigned to ""Traffic Analysis"", the top-level job whose statement matches the 5.x series. Detection-oriented sub-jobs (5.2, 5.7) are only partly covered."
Traffic Analysis,"When network utilization changes unexpectedly, I want to identify the workloads, namespaces, and connections generating traffic, so I can understand resource consumption and prevent congestion.",,partial,modules/network-observability-working-with-conversations.adoc,observability/network_observability/observing-network-traffic.adoc,full,,"Parent of the 5.x series. CSV malformation: the source sheet lists the parent as a bare section number (""5.1""/""5.2""/""5.3""/""5.4"") instead of a job name. Reassigned to ""Traffic Analysis"", the top-level job whose statement matches the 5.x series. Detection-oriented sub-jobs (5.2, 5.7) are only partly covered."
Traffic Analysis,"When network utilization changes unexpectedly, I want to identify the workloads, namespaces, and connections generating traffic, so I can understand resource consumption and prevent congestion.",,partial,modules/network-observability-metrics-names.adoc,observability/network_observability/metrics-alerts-dashboards.adoc,full,,"Parent of the 5.x series. CSV malformation: the source sheet lists the parent as a bare section number (""5.1""/""5.2""/""5.3""/""5.4"") instead of a job name. Reassigned to ""Traffic Analysis"", the top-level job whose statement matches the 5.x series. Detection-oriented sub-jobs (5.2, 5.7) are only partly covered."
Traffic Analysis > 5.1 Identify workloads generating highest traffic volume,Identify workloads generating highest traffic volume.,Traffic Analysis,partial,modules/network-observability-working-with-topology.adoc,observability/network_observability/observing-network-traffic.adoc,partial,topology scoping by owner/workload,"CSV malformation: the source sheet lists the parent as a bare section number (""5.1""/""5.2""/""5.3""/""5.4"") instead of a job name. Reassigned to ""Traffic Analysis"", the top-level job whose statement matches the 5.x series. Missing: no top-talkers procedure or example PromQL for ranking workloads by volume."
Traffic Analysis > 5.1 Identify workloads generating highest traffic volume,Identify workloads generating highest traffic volume.,Traffic Analysis,partial,modules/network-observability-working-with-conversations.adoc,observability/network_observability/observing-network-traffic.adoc,partial,,"CSV malformation: the source sheet lists the parent as a bare section number (""5.1""/""5.2""/""5.3""/""5.4"") instead of a job name. Reassigned to ""Traffic Analysis"", the top-level job whose statement matches the 5.x series. Missing: no top-talkers procedure or example PromQL for ranking workloads by volume."
Traffic Analysis > 5.1 Identify workloads generating highest traffic volume,Identify workloads generating highest traffic volume.,Traffic Analysis,partial,modules/network-observability-metrics-names.adoc,observability/network_observability/metrics-alerts-dashboards.adoc,partial,lists the bytes/packets metrics but not a top-talkers query,"CSV malformation: the source sheet lists the parent as a bare section number (""5.1""/""5.2""/""5.3""/""5.4"") instead of a job name. Reassigned to ""Traffic Analysis"", the top-level job whose statement matches the 5.x series. Missing: no top-talkers procedure or example PromQL for ranking workloads by volume."
Traffic Analysis > 5.2 Detect sudden increases in bandwidth utilization,Detect sudden increases in bandwidth utilization.,Traffic Analysis,partial,modules/network-observability-histogram-trafficflow.adoc,observability/network_observability/observing-network-traffic.adoc,partial,histogram shows volume over time but is not framed as spike detection,"CSV malformation: the source sheet lists the parent as a bare section number (""5.1""/""5.2""/""5.3""/""5.4"") instead of a job name. Reassigned to ""Traffic Analysis"", the top-level job whose statement matches the 5.x series. Missing: no procedure for detecting a bandwidth spike; see 5.7 for the related alerting gap."
Traffic Analysis > 5.3 Analyze traffic distribution across namespaces,Analyze traffic distribution across namespaces.,Traffic Analysis,full,modules/network-observability-working-with-zones.adoc,observability/network_observability/observing-network-traffic.adoc,full,,"CSV malformation: the source sheet lists the parent as a bare section number (""5.1""/""5.2""/""5.3""/""5.4"") instead of a job name. Reassigned to ""Traffic Analysis"", the top-level job whose statement matches the 5.x series."
Traffic Analysis > 5.3 Analyze traffic distribution across namespaces,Analyze traffic distribution across namespaces.,Traffic Analysis,full,modules/network-observability-working-with-topology.adoc,observability/network_observability/observing-network-traffic.adoc,full,,"CSV malformation: the source sheet lists the parent as a bare section number (""5.1""/""5.2""/""5.3""/""5.4"") instead of a job name. Reassigned to ""Traffic Analysis"", the top-level job whose statement matches the 5.x series."
Traffic Analysis > 5.4 Track traffic patterns over time to identify trends,Track traffic patterns over time to identify trends.,Traffic Analysis,partial,modules/network-observability-histogram-trafficflow.adoc,observability/network_observability/observing-network-traffic.adoc,partial,"time-series histogram, no trend-analysis guidance","CSV malformation: the source sheet lists the parent as a bare section number (""5.1""/""5.2""/""5.3""/""5.4"") instead of a job name. Reassigned to ""Traffic Analysis"", the top-level job whose statement matches the 5.x series. Missing: nothing covers retention windows or how to look at traffic over days/weeks rather than a live query range."
Traffic Analysis > 5.4 Track traffic patterns over time to identify trends,Track traffic patterns over time to identify trends.,Traffic Analysis,partial,modules/network-observability-flowmetrics-charts.adoc,observability/network_observability/metrics-alerts-dashboards.adoc,partial,,"CSV malformation: the source sheet lists the parent as a bare section number (""5.1""/""5.2""/""5.3""/""5.4"") instead of a job name. Reassigned to ""Traffic Analysis"", the top-level job whose statement matches the 5.x series. Missing: nothing covers retention windows or how to look at traffic over days/weeks rather than a live query range."
Traffic Analysis > 5.5 Create custom metrics for traffic volume monitoring,Create custom metrics for traffic volume monitoring.,Traffic Analysis,full,modules/network-observability-custom-metrics.adoc,observability/network_observability/metrics-alerts-dashboards.adoc,full,,"CSV malformation: the source sheet lists the parent as a bare section number (""5.1""/""5.2""/""5.3""/""5.4"") instead of a job name. Reassigned to ""Traffic Analysis"", the top-level job whose statement matches the 5.x series."
Traffic Analysis > 5.5 Create custom metrics for traffic volume monitoring,Create custom metrics for traffic volume monitoring.,Traffic Analysis,full,modules/network-observability-configuring-custom-metrics.adoc,observability/network_observability/metrics-alerts-dashboards.adoc,full,,"CSV malformation: the source sheet lists the parent as a bare section number (""5.1""/""5.2""/""5.3""/""5.4"") instead of a job name. Reassigned to ""Traffic Analysis"", the top-level job whose statement matches the 5.x series."
Traffic Analysis > 5.5 Create custom metrics for traffic volume monitoring,Create custom metrics for traffic volume monitoring.,Traffic Analysis,full,modules/network-observability-configuring-custom-metrics-examples.adoc,observability/network_observability/metrics-alerts-dashboards.adoc,full,,"CSV malformation: the source sheet lists the parent as a bare section number (""5.1""/""5.2""/""5.3""/""5.4"") instead of a job name. Reassigned to ""Traffic Analysis"", the top-level job whose statement matches the 5.x series."
Traffic Analysis > 5.5 Create custom metrics for traffic volume monitoring,Create custom metrics for traffic volume monitoring.,Traffic Analysis,full,modules/network-observability-creating-metrics-network-events.adoc,observability/network_observability/metrics-alerts-dashboards.adoc,full,,"CSV malformation: the source sheet lists the parent as a bare section number (""5.1""/""5.2""/""5.3""/""5.4"") instead of a job name. Reassigned to ""Traffic Analysis"", the top-level job whose statement matches the 5.x series."
Traffic Analysis > 5.5 Create custom metrics for traffic volume monitoring,Create custom metrics for traffic volume monitoring.,Traffic Analysis,full,modules/network-observability-includelist-example.adoc,observability/network_observability/metrics-alerts-dashboards.adoc,full,,"CSV malformation: the source sheet lists the parent as a bare section number (""5.1""/""5.2""/""5.3""/""5.4"") instead of a job name. Reassigned to ""Traffic Analysis"", the top-level job whose statement matches the 5.x series."
Traffic Analysis > 5.6 Build dashboards for traffic trend visualization,Build dashboards for traffic trend visualization.,Traffic Analysis,full,modules/network-observability-viewing-dashboards.adoc,observability/network_observability/metrics-alerts-dashboards.adoc,full,,"CSV malformation: the source sheet lists the parent as a bare section number (""5.1""/""5.2""/""5.3""/""5.4"") instead of a job name. Reassigned to ""Traffic Analysis"", the top-level job whose statement matches the 5.x series."
Traffic Analysis > 5.6 Build dashboards for traffic trend visualization,Build dashboards for traffic trend visualization.,Traffic Analysis,full,modules/network-observability-flowmetrics-charts.adoc,observability/network_observability/metrics-alerts-dashboards.adoc,full,,"CSV malformation: the source sheet lists the parent as a bare section number (""5.1""/""5.2""/""5.3""/""5.4"") instead of a job name. Reassigned to ""Traffic Analysis"", the top-level job whose statement matches the 5.x series."
Traffic Analysis > 5.6 Build dashboards for traffic trend visualization,Build dashboards for traffic trend visualization.,Traffic Analysis,full,modules/network-observability-flowmetrics-charts-examples.adoc,observability/network_observability/metrics-alerts-dashboards.adoc,full,,"CSV malformation: the source sheet lists the parent as a bare section number (""5.1""/""5.2""/""5.3""/""5.4"") instead of a job name. Reassigned to ""Traffic Analysis"", the top-level job whose statement matches the 5.x series."
Traffic Analysis > 5.7 Alert on unexpected traffic surges or anomalies,Alert on unexpected traffic surges or anomalies.,Traffic Analysis,partial,modules/network-observability-tcp-flag-syn-flood.adoc,observability/network_observability/metrics-alerts-dashboards.adoc,partial,"one worked alert (SYN flood), not a general surge alert","CSV malformation: the source sheet lists the parent as a bare section number (""5.1""/""5.2""/""5.3""/""5.4"") instead of a job name. Reassigned to ""Traffic Analysis"", the top-level job whose statement matches the 5.x series. Missing: no alerting rule example for a general traffic surge built on Network Observability metrics."
Traffic Analysis > 5.7 Alert on unexpected traffic surges or anomalies,Alert on unexpected traffic surges or anomalies.,Traffic Analysis,partial,modules/monitoring-creating-new-alerting-rules.adoc,observability/monitoring/managing-alerts/managing-alerts-as-an-administrator.adoc,partial,generic alerting-rule procedure; no network-traffic example,"CSV malformation: the source sheet lists the parent as a bare section number (""5.1""/""5.2""/""5.3""/""5.4"") instead of a job name. Reassigned to ""Traffic Analysis"", the top-level job whose statement matches the 5.x series. Missing: no alerting rule example for a general traffic surge built on Network Observability metrics."
Anomaly Detection,"When network behavior deviates from expected patterns, I want to identify unusual communication paths or traffic spikes, so I can investigate potential operational or security issues.",,partial,modules/network-observability-tcp-flag-syn-flood.adoc,observability/network_observability/metrics-alerts-dashboards.adoc,full,,"Missing: SYN flood is the only documented anomaly. Nothing covers baselining normal behavior, spotting unexpected communication paths, or generic traffic-spike detection."
Anomaly Detection,"When network behavior deviates from expected patterns, I want to identify unusual communication paths or traffic spikes, so I can investigate potential operational or security issues.",,partial,modules/network-observability-health-alerts-overview.adoc,observability/network_observability/network-observability-operator-monitoring.adoc,partial,"operator health alerts, not traffic anomalies","Missing: SYN flood is the only documented anomaly. Nothing covers baselining normal behavior, spotting unexpected communication paths, or generic traffic-spike detection."
Anomaly Detection,"When network behavior deviates from expected patterns, I want to identify unusual communication paths or traffic spikes, so I can investigate potential operational or security issues.",,partial,modules/network-observability-viewing-alerts.adoc,observability/network_observability/network-observability-operator-monitoring.adoc,partial,,"Missing: SYN flood is the only documented anomaly. Nothing covers baselining normal behavior, spotting unexpected communication paths, or generic traffic-spike detection."
Anomaly Detection,"When network behavior deviates from expected patterns, I want to identify unusual communication paths or traffic spikes, so I can investigate potential operational or security issues.",,partial,modules/network-observability-working-with-topology.adoc,observability/network_observability/observing-network-traffic.adoc,partial,topology can reveal unexpected paths but is not framed that way,"Missing: SYN flood is the only documented anomaly. Nothing covers baselining normal behavior, spotting unexpected communication paths, or generic traffic-spike detection."
East-West Traffic Monitoring,"When I want to monitor internal cluster traffic, I want visibility into inter-namespace and pod-to-pod communication, so I can verify connectivity and spot anomalies.",,partial,modules/network-observability-working-with-topology.adoc,observability/network_observability/observing-network-traffic.adoc,full,,Missing: sub-job 9.2 (service mesh traffic distribution) has no coverage in this repo.
East-West Traffic Monitoring,"When I want to monitor internal cluster traffic, I want visibility into inter-namespace and pod-to-pod communication, so I can verify connectivity and spot anomalies.",,partial,modules/network-observability-working-with-zones.adoc,observability/network_observability/observing-network-traffic.adoc,full,,Missing: sub-job 9.2 (service mesh traffic distribution) has no coverage in this repo.
East-West Traffic Monitoring,"When I want to monitor internal cluster traffic, I want visibility into inter-namespace and pod-to-pod communication, so I can verify connectivity and spot anomalies.",,partial,modules/network-observability-working-with-conversations.adoc,observability/network_observability/observing-network-traffic.adoc,full,,Missing: sub-job 9.2 (service mesh traffic distribution) has no coverage in this repo.
East-West Traffic Monitoring > 9.1 Monitor inter-namespace communication patterns,Monitor inter-namespace communication patterns.,East-West Traffic Monitoring,full,modules/network-observability-working-with-topology.adoc,observability/network_observability/observing-network-traffic.adoc,full,,
East-West Traffic Monitoring > 9.1 Monitor inter-namespace communication patterns,Monitor inter-namespace communication patterns.,East-West Traffic Monitoring,full,modules/network-observability-working-with-zones.adoc,observability/network_observability/observing-network-traffic.adoc,full,,
East-West Traffic Monitoring > 9.2 Track service mesh traffic distribution,Track service mesh traffic distribution.,East-West Traffic Monitoring,gap,,,gap,,No coverage in openshift-docs: Red Hat OpenShift Service Mesh observability is documented in a separate product doc set. Either drop this sub-job or replace it with a cross-reference.
East-West Traffic Monitoring > 9.3 Measure internal latency between services,Measure internal latency between services.,East-West Traffic Monitoring,full,modules/network-observability-RTT-overview.adoc,observability/network_observability/observing-network-traffic.adoc,full,,
East-West Traffic Monitoring > 9.3 Measure internal latency between services,Measure internal latency between services.,East-West Traffic Monitoring,full,modules/network-observability-RTT.adoc,observability/network_observability/observing-network-traffic.adoc,full,,
East-West Traffic Monitoring > 9.4 Verify expected pod-to-pod connectivity,Verify expected pod-to-pod connectivity.,East-West Traffic Monitoring,partial,modules/network-observability-working-with-topology.adoc,observability/network_observability/observing-network-traffic.adoc,partial,shows observed traffic; does not verify against an expectation,Missing: no procedure for confirming that expected pod-to-pod paths exist (as opposed to browsing observed flows).
East-West Traffic Monitoring > 9.4 Verify expected pod-to-pod connectivity,Verify expected pod-to-pod connectivity.,East-West Traffic Monitoring,partial,modules/network-observability-working-with-trafficflow.adoc,observability/network_observability/observing-network-traffic.adoc,partial,,Missing: no procedure for confirming that expected pod-to-pod paths exist (as opposed to browsing observed flows).
East-West Traffic Monitoring > 9.5 Identify cross-namespace traffic bottlenecks,Identify cross-namespace traffic bottlenecks.,East-West Traffic Monitoring,partial,modules/network-observability-working-with-zones.adoc,observability/network_observability/observing-network-traffic.adoc,partial,,Missing: no module defines what a bottleneck looks like in the zone/topology views or how to isolate one.
East-West Traffic Monitoring > 9.5 Identify cross-namespace traffic bottlenecks,Identify cross-namespace traffic bottlenecks.,East-West Traffic Monitoring,partial,modules/network-observability-RTT.adoc,observability/network_observability/observing-network-traffic.adoc,partial,latency signal only,Missing: no module defines what a bottleneck looks like in the zone/topology views or how to isolate one.
East-West Traffic Monitoring > 9.6 Monitor internal traffic for security anomalies,Monitor internal traffic for security anomalies.,East-West Traffic Monitoring,partial,modules/network-observability-tcp-flag-syn-flood.adoc,observability/network_observability/metrics-alerts-dashboards.adoc,full,,"Missing: TLS tracking and SYN-flood detection exist, but nothing covers internal traffic anomalies more broadly (unexpected lateral movement, policy violations observed in flows)."
East-West Traffic Monitoring > 9.6 Monitor internal traffic for security anomalies,Monitor internal traffic for security anomalies.,East-West Traffic Monitoring,partial,modules/network-observability-tls-monitoring-overview.adoc,observability/network_observability/network-observability-monitoring-tls-traffic.adoc,full,,"Missing: TLS tracking and SYN-flood detection exist, but nothing covers internal traffic anomalies more broadly (unexpected lateral movement, policy violations observed in flows)."
East-West Traffic Monitoring > 9.6 Monitor internal traffic for security anomalies,Monitor internal traffic for security anomalies.,East-West Traffic Monitoring,partial,modules/network-observability-enable-tls-tracking.adoc,observability/network_observability/network-observability-monitoring-tls-traffic.adoc,full,,"Missing: TLS tracking and SYN-flood detection exist, but nothing covers internal traffic anomalies more broadly (unexpected lateral movement, policy violations observed in flows)."
East-West Traffic Monitoring > 9.6 Monitor internal traffic for security anomalies,Monitor internal traffic for security anomalies.,East-West Traffic Monitoring,partial,modules/network-observability-analyze-tls-traffic.adoc,observability/network_observability/network-observability-monitoring-tls-traffic.adoc,full,,"Missing: TLS tracking and SYN-flood detection exist, but nothing covers internal traffic anomalies more broadly (unexpected lateral movement, policy violations observed in flows)."
East-West Traffic Monitoring > 9.6 Monitor internal traffic for security anomalies,Monitor internal traffic for security anomalies.,East-West Traffic Monitoring,partial,modules/network-observability-tls-tracking-fields.adoc,observability/network_observability/network-observability-monitoring-tls-traffic.adoc,full,,"Missing: TLS tracking and SYN-flood detection exist, but nothing covers internal traffic anomalies more broadly (unexpected lateral movement, policy violations observed in flows)."
Egress Monitoring,"When I want to understand traffic leaving the cluster, I want visibility into external destinations and volumes, so I can control and audit egress.",,partial,modules/network-observability-working-with-trafficflow.adoc,observability/network_observability/observing-network-traffic.adoc,full,,Missing: egress is not documented as an observability journey. Sub-jobs 10.3 and 10.5 have no coverage at all.
Egress Monitoring,"When I want to understand traffic leaving the cluster, I want visibility into external destinations and volumes, so I can control and audit egress.",,partial,modules/network-observability-working-with-zones.adoc,observability/network_observability/observing-network-traffic.adoc,full,,Missing: egress is not documented as an observability journey. Sub-jobs 10.3 and 10.5 have no coverage at all.
Egress Monitoring,"When I want to understand traffic leaving the cluster, I want visibility into external destinations and volumes, so I can control and audit egress.",,partial,modules/network-observability-exporting-traffic-flow-data.adoc,observability/network_observability/observing-network-traffic.adoc,full,,Missing: egress is not documented as an observability journey. Sub-jobs 10.3 and 10.5 have no coverage at all.
Egress Monitoring > 10.1 Identify external destination IP addresses and domains,Identify external destination IP addresses and domains.,Egress Monitoring,partial,modules/network-observability-working-with-trafficflow.adoc,observability/network_observability/observing-network-traffic.adoc,partial,destination IPs are visible in the flows table,Missing: no procedure that puts these together to enumerate external destinations.
Egress Monitoring > 10.1 Identify external destination IP addresses and domains,Identify external destination IP addresses and domains.,Egress Monitoring,partial,modules/network-observability-dns-tracking.adoc,observability/network_observability/observing-network-traffic.adoc,partial,DNS tracking gives domain names,Missing: no procedure that puts these together to enumerate external destinations.
Egress Monitoring > 10.1 Identify external destination IP addresses and domains,Identify external destination IP addresses and domains.,Egress Monitoring,partial,modules/network-observability-working-with-zones.adoc,observability/network_observability/observing-network-traffic.adoc,partial,zones separate in-cluster from external,Missing: no procedure that puts these together to enumerate external destinations.
Egress Monitoring > 10.2 Track egress traffic volume by destination,Track egress traffic volume by destination.,Egress Monitoring,partial,modules/network-observability-metrics-names.adoc,observability/network_observability/metrics-alerts-dashboards.adoc,partial,"metric names only, no egress-by-destination query",Missing: no example query or dashboard for egress volume grouped by external destination.
Egress Monitoring > 10.2 Track egress traffic volume by destination,Track egress traffic volume by destination.,Egress Monitoring,partial,modules/network-observability-working-with-conversations.adoc,observability/network_observability/observing-network-traffic.adoc,partial,,Missing: no example query or dashboard for egress volume grouped by external destination.
Egress Monitoring > 10.3 Detect new or unexpected external connections,Detect new or unexpected external connections.,Egress Monitoring,gap,,,gap,,No module covers detecting a previously unseen external destination.
Egress Monitoring > 10.4 Monitor compliance with egress security policies,Monitor compliance with egress security policies.,Egress Monitoring,partial,modules/nw-egress-firewall-view.adoc,networking/network_security/egress_firewall/viewing-egress-firewall-ovn.adoc,partial,"shows the configured egress firewall, not observed compliance with it",Missing: nothing joins observed egress flows to the egress firewall rules to show whether policy is actually being honored.
Egress Monitoring > 10.4 Monitor compliance with egress security policies,Monitor compliance with egress security policies.,Egress Monitoring,partial,modules/network-observability-viewing-network-events.adoc,observability/network_observability/observing-network-traffic.adoc,partial,network events can show policy-blocked flows,Missing: nothing joins observed egress flows to the egress firewall rules to show whether policy is actually being honored.
Egress Monitoring > 10.4 Monitor compliance with egress security policies,Monitor compliance with egress security policies.,Egress Monitoring,partial,modules/network-observability-networking-events-overview.adoc,observability/network_observability/observing-network-traffic.adoc,partial,,Missing: nothing joins observed egress flows to the egress firewall rules to show whether policy is actually being honored.
Egress Monitoring > 10.5 Identify workloads communicating with cloud services,Identify workloads communicating with cloud services.,Egress Monitoring,gap,,,gap,,No module covers identifying traffic to cloud provider endpoints specifically.
Egress Monitoring > 10.6 Audit external data transfers for compliance,Audit external data transfers for compliance.,Egress Monitoring,partial,modules/network-observability-exporting-traffic-flow-data.adoc,observability/network_observability/observing-network-traffic.adoc,partial,exports flows to Kafka/IPFIX for an external auditor; no compliance framing,Missing: no guidance on retaining or reporting external transfer volumes for an audit.
Network Observability Deployment and Management > 11.13 Monitor Network Observability operator health,Monitor the health of the Network Observability Operator.,Network Observability Deployment and Management,full,modules/network-observability-health-dashboard-overview.adoc,observability/network_observability/network-observability-operator-monitoring.adoc,full,,"Duplicate of ""Monitor Network Performance > 10.5.1 Monitor Network Observability Operator health"" (identical modules). orphan: parent job ""Network Observability Deployment and Management"" is not a job in the Observe CSV; create the job map but wire it into nothing here. Recommend dropping this row and keeping 10.5.1."
Network Observability Deployment and Management > 11.13 Monitor Network Observability operator health,Monitor the health of the Network Observability Operator.,Network Observability Deployment and Management,full,modules/network-observability-health-alerts-overview.adoc,observability/network_observability/network-observability-operator-monitoring.adoc,full,,"Duplicate of ""Monitor Network Performance > 10.5.1 Monitor Network Observability Operator health"" (identical modules). orphan: parent job ""Network Observability Deployment and Management"" is not a job in the Observe CSV; create the job map but wire it into nothing here. Recommend dropping this row and keeping 10.5.1."
Network Observability Deployment and Management > 11.13 Monitor Network Observability operator health,Monitor the health of the Network Observability Operator.,Network Observability Deployment and Management,full,modules/network-observability-viewing-alerts.adoc,observability/network_observability/network-observability-operator-monitoring.adoc,full,,"Duplicate of ""Monitor Network Performance > 10.5.1 Monitor Network Observability Operator health"" (identical modules). orphan: parent job ""Network Observability Deployment and Management"" is not a job in the Observe CSV; create the job map but wire it into nothing here. Recommend dropping this row and keeping 10.5.1."
Network Observability Deployment and Management > 11.13 Monitor Network Observability operator health,Monitor the health of the Network Observability Operator.,Network Observability Deployment and Management,full,modules/nw-view-status-configuration-network-observability-operator.adoc,observability/network_observability/understanding-network-observability-operator.adoc,full,,"Duplicate of ""Monitor Network Performance > 10.5.1 Monitor Network Observability Operator health"" (identical modules). orphan: parent job ""Network Observability Deployment and Management"" is not a job in the Observe CSV; create the job map but wire it into nothing here. Recommend dropping this row and keeping 10.5.1."
Monitor control plane nodes,"When I am observing cluster health, I want to monitor etcd consensus latency, network jitter, and API transaction rates, so I can proactively identify performance bottlenecks and prevent service-affecting events.",,full,modules/etcd-consensus-latency.adoc,etcd/etcd-performance.adoc,full,,"Duplicate: this job and the three ""Replace unhealthy etcd members > ..."" sub-jobs map to the same four modules. Recommend keeping this job as the parent and making the etcd sub-jobs its children instead of leaving them orphaned."
Monitor control plane nodes,"When I am observing cluster health, I want to monitor etcd consensus latency, network jitter, and API transaction rates, so I can proactively identify performance bottlenecks and prevent service-affecting events.",,full,modules/etcd-network-latency-jitter.adoc,etcd/etcd-performance.adoc,full,,"Duplicate: this job and the three ""Replace unhealthy etcd members > ..."" sub-jobs map to the same four modules. Recommend keeping this job as the parent and making the etcd sub-jobs its children instead of leaving them orphaned."
Monitor control plane nodes,"When I am observing cluster health, I want to monitor etcd consensus latency, network jitter, and API transaction rates, so I can proactively identify performance bottlenecks and prevent service-affecting events.",,full,modules/etcd-peer-round-trip.adoc,etcd/etcd-performance.adoc,full,,"Duplicate: this job and the three ""Replace unhealthy etcd members > ..."" sub-jobs map to the same four modules. Recommend keeping this job as the parent and making the etcd sub-jobs its children instead of leaving them orphaned."
Monitor control plane nodes,"When I am observing cluster health, I want to monitor etcd consensus latency, network jitter, and API transaction rates, so I can proactively identify performance bottlenecks and prevent service-affecting events.",,full,modules/etcd-determine-kube-api-transaction-rate.adoc,etcd/etcd-performance.adoc,full,,"Duplicate: this job and the three ""Replace unhealthy etcd members > ..."" sub-jobs map to the same four modules. Recommend keeping this job as the parent and making the etcd sub-jobs its children instead of leaving them orphaned."
Replace unhealthy etcd members > Monitor consensus latency for etcd,"When I am evaluating control plane performance, I want to monitor etcd consensus latency using Prometheus or etcdctl, so I can detect if disk or network issues are slowing down state updates",Replace unhealthy etcd members,full,modules/etcd-consensus-latency.adoc,etcd/etcd-performance.adoc,full,,"orphan: parent job ""Replace unhealthy etcd members"" is not a job in the Observe CSV; create the job map but wire it into nothing here. Overlaps ""Monitor control plane nodes"", which maps to the same module."
Replace unhealthy etcd members > Measure network speed between control plane nodes,"When I am evaluating control plane performance, I want to measure network latency and jitter between control plane nodes, so I can confirm the network meets etcd requirements.",Replace unhealthy etcd members,full,modules/etcd-network-latency-jitter.adoc,etcd/etcd-performance.adoc,full,,"orphan: parent job ""Replace unhealthy etcd members"" is not a job in the Observe CSV; create the job map but wire it into nothing here. Overlaps ""Monitor control plane nodes""."
Replace unhealthy etcd members > Measure network speed between control plane nodes,"When I am evaluating control plane performance, I want to measure network latency and jitter between control plane nodes, so I can confirm the network meets etcd requirements.",Replace unhealthy etcd members,full,modules/etcd-peer-round-trip.adoc,etcd/etcd-performance.adoc,full,,"orphan: parent job ""Replace unhealthy etcd members"" is not a job in the Observe CSV; create the job map but wire it into nothing here. Overlaps ""Monitor control plane nodes""."
Replace unhealthy etcd members > Measure network speed between control plane nodes,"When I am evaluating control plane performance, I want to measure network latency and jitter between control plane nodes, so I can confirm the network meets etcd requirements.",Replace unhealthy etcd members,full,modules/recommended-cluster-latency-etcd.adoc,etcd/etcd-practices.adoc,partial,states the latency requirements the measurement is checked against,"orphan: parent job ""Replace unhealthy etcd members"" is not a job in the Observe CSV; create the job map but wire it into nothing here. Overlaps ""Monitor control plane nodes""."
Replace unhealthy etcd members > Determine Kubernetes API transaction rate for your environment,"When I am evaluating control plane performance, I want to determine the Kubernetes API transaction rate, so I can size and tune etcd for my workload.",Replace unhealthy etcd members,full,modules/etcd-determine-kube-api-transaction-rate.adoc,etcd/etcd-performance.adoc,full,,"orphan: parent job ""Replace unhealthy etcd members"" is not a job in the Observe CSV; create the job map but wire it into nothing here. Overlaps ""Monitor control plane nodes""."
Monitor hosted control planes,"When I run hosted control planes, I want to monitor control plane metrics and dashboards, so I can assess the health of each hosted cluster.",,full,modules/hcp-cp-metrics-overview.adoc,hosted_control_planes/hcp-observability.adoc,full,,
Monitor hosted control planes,"When I run hosted control planes, I want to monitor control plane metrics and dashboards, so I can assess the health of each hosted cluster.",,full,modules/hcp-cp-metrics-forwarding-configure.adoc,hosted_control_planes/hcp-observability.adoc,full,,
Monitor hosted control planes,"When I run hosted control planes, I want to monitor control plane metrics and dashboards, so I can assess the health of each hosted cluster.",,full,modules/hcp-cp-metrics-forwarding-migrate.adoc,hosted_control_planes/hcp-observability.adoc,full,,
Monitor hosted control planes,"When I run hosted control planes, I want to monitor control plane metrics and dashboards, so I can assess the health of each hosted cluster.",,full,modules/hcp-cp-query-metrics.adoc,hosted_control_planes/hcp-observability.adoc,full,,
Monitor hosted control planes,"When I run hosted control planes, I want to monitor control plane metrics and dashboards, so I can assess the health of each hosted cluster.",,full,modules/hcp-cp-query-metrics-console.adoc,hosted_control_planes/hcp-observability.adoc,full,,
Monitor hosted control planes,"When I run hosted control planes, I want to monitor control plane metrics and dashboards, so I can assess the health of each hosted cluster.",,full,modules/hcp-cp-metrics-dashboards.adoc,hosted_control_planes/hcp-observability.adoc,full,,
Monitor hosted control planes > Configure metrics sets for hosted control planes,Configure metrics sets for hosted control planes.,Monitor hosted control planes,full,modules/hosted-control-planes-metrics-sets.adoc,hosted_control_planes/hcp-observability.adoc,full,,
Monitor hosted control planes > Configure metrics sets for hosted control planes,Configure metrics sets for hosted control planes.,Monitor hosted control planes,full,modules/hcp-metrics-sets-ref.adoc,hosted_control_planes/hcp-observability.adoc,full,,
Monitor hosted control planes > Enable monitoring dashboards in a hosted cluster,Enable monitoring dashboards in a hosted cluster.,Monitor hosted control planes,full,modules/hosted-control-planes-monitoring-dashboard.adoc,hosted_control_planes/hcp-observability.adoc,full,,
Monitor hosted control planes > Enable monitoring dashboards in a hosted cluster,Enable monitoring dashboards in a hosted cluster.,Monitor hosted control planes,full,modules/hcp-customize-dashboards.adoc,hosted_control_planes/hcp-observability.adoc,full,,
Monitor hosted control planes > Enable monitoring dashboards in a hosted cluster,Enable monitoring dashboards in a hosted cluster.,Monitor hosted control planes,full,modules/hcp-cluster-ids.adoc,hosted_control_planes/hcp-observability.adoc,partial,supporting reference: dashboards are keyed by cluster ID,
Monitor hosted control planes > Enable monitoring dashboards in a hosted cluster,Enable monitoring dashboards in a hosted cluster.,Monitor hosted control planes,full,modules/hcp-cluster-ids-example.adoc,hosted_control_planes/hcp-observability.adoc,partial,,
Monitor hosted control planes > Connectivity monitoring from the control plane to the data plane,Monitor connectivity from the control plane to the data plane.,Monitor hosted control planes,full,modules/hcp-connectivity-metrics.adoc,hosted_control_planes/hcp-observability.adoc,full,,
Monitor hosted control planes > Connectivity monitoring from the control plane to the data plane,Monitor connectivity from the control plane to the data plane.,Monitor hosted control planes,full,modules/hcp-connect-control-plane.adoc,hosted_control_planes/hcp-observability.adoc,full,,
Monitor hosted control planes > Connectivity monitoring from the control plane to the data plane,Monitor connectivity from the control plane to the data plane.,Monitor hosted control planes,full,modules/hcp-connect-data-plane.adoc,hosted_control_planes/hcp-observability.adoc,full,,
Monitor image registry health,"When I need to confirm the internal registry is serving images, I want to check pod status, logs, and metrics, so I can diagnose registry problems.",,full,modules/registry-checking-the-status-of-registry-pods.adoc,registry/accessing-the-registry.adoc,full,,
Monitor image registry health,"When I need to confirm the internal registry is serving images, I want to check pod status, logs, and metrics, so I can diagnose registry problems.",,full,modules/registry-viewing-logs.adoc,registry/accessing-the-registry.adoc,full,,
Monitor image registry health,"When I need to confirm the internal registry is serving images, I want to check pod status, logs, and metrics, so I can diagnose registry problems.",,full,modules/registry-accessing-metrics.adoc,registry/accessing-the-registry.adoc,full,,
Monitor image registry health,"When I need to confirm the internal registry is serving images, I want to check pod status, logs, and metrics, so I can diagnose registry problems.",,full,modules/registry-accessing-directly.adoc,registry/accessing-the-registry.adoc,partial,prerequisite: how to reach the registry before inspecting it,
Monitor image registry health > 11.1 Check image registry pod status,Check image registry pod status.,Monitor image registry health,full,modules/registry-checking-the-status-of-registry-pods.adoc,registry/accessing-the-registry.adoc,full,,
Monitor image registry health > 11.2 View image registry logs,View image registry logs.,Monitor image registry health,full,modules/registry-viewing-logs.adoc,registry/accessing-the-registry.adoc,full,,"CSV typo: the source sheet writes this as ""11. 2 View image registry logs"" with a stray space."
Monitor image registry health > 11.3 Access registry metrics,Access registry metrics.,Monitor image registry health,full,modules/registry-accessing-metrics.adoc,registry/accessing-the-registry.adoc,full,,
Prepare your cluster for Day-2 support > Enable remote health monitoring,"When setting up cluster operations, I want to enable remote telemetry and the Insights Operator, so the vendor can proactively identify potential health issues in the background.",Prepare your cluster for Day-2 support,full,modules/telemetry-about-telemetry.adoc,support/remote_health_monitoring/about-remote-health-monitoring.adoc,partial,concept: what Telemetry is,"orphan: parent job ""Prepare your cluster for Day-2 support"" is not a job in the Observe CSV; create the job map but wire it into nothing here."
Prepare your cluster for Day-2 support > Enable remote health monitoring,"When setting up cluster operations, I want to enable remote telemetry and the Insights Operator, so the vendor can proactively identify potential health issues in the background.",Prepare your cluster for Day-2 support,full,modules/insights-operator-about.adoc,support/remote_health_monitoring/about-remote-health-monitoring.adoc,partial,concept: what the Insights Operator is,"orphan: parent job ""Prepare your cluster for Day-2 support"" is not a job in the Observe CSV; create the job map but wire it into nothing here."
Prepare your cluster for Day-2 support > Enable remote health monitoring,"When setting up cluster operations, I want to enable remote telemetry and the Insights Operator, so the vendor can proactively identify potential health issues in the background.",Prepare your cluster for Day-2 support,full,modules/enabling-remote-health-reporting.adoc,support/remote_health_monitoring/remote-health-reporting.adoc,full,,"orphan: parent job ""Prepare your cluster for Day-2 support"" is not a job in the Observe CSV; create the job map but wire it into nothing here."
Prepare your cluster for Day-2 support > Enable remote health monitoring,"When setting up cluster operations, I want to enable remote telemetry and the Insights Operator, so the vendor can proactively identify potential health issues in the background.",Prepare your cluster for Day-2 support,full,modules/insights-operator-new-pull-secret-enable.adoc,support/remote_health_monitoring/remote-health-reporting.adoc,full,,"orphan: parent job ""Prepare your cluster for Day-2 support"" is not a job in the Observe CSV; create the job map but wire it into nothing here."
View cluster information on the dashboard,"When monitoring cluster health, I want to view high-level cluster information on the dashboard, so I can quickly assess status and resource utilization.",,partial,modules/virt-about-the-overview-dashboard.adoc,web_console/using-dashboard-to-get-cluster-information.adoc,partial,"describes the Overview dashboard cards but is a concept, not a procedure",Missing: no procedure for reaching or reading the Overview dashboard. The one module is a concept whose filename (virt-*) suggests it was written for a different product and reused here.
View cluster resource inventory,"When assessing cluster health, I want to view resource counts and statuses on the Inventory card, so I can identify resources requiring intervention.",,partial,modules/virt-about-the-overview-dashboard.adoc,web_console/using-dashboard-to-get-cluster-information.adoc,partial,the Cluster Inventory card is one bullet in this module,Missing: the Inventory card gets a single bullet. No module explains what each status means or what to do when a resource needs intervention.
View cluster resource utilization,"When planning capacity, I want to view resource utilization over time, so I can understand consumption patterns and prevent resource exhaustion.",,partial,modules/virt-about-the-overview-dashboard.adoc,web_console/using-dashboard-to-get-cluster-information.adoc,partial,the Cluster Utilization card is one bullet in this module,Missing: no module covers reading cluster utilization trends over a time range for capacity planning. The Nodes dashboard modules are the closest thing but are scoped to a single node.
View cluster resource utilization,"When planning capacity, I want to view resource utilization over time, so I can understand consumption patterns and prevent resource exhaustion.",,partial,modules/recognize-resource-limits-quotas.adoc,web_console/using-dashboard-to-get-cluster-information.adoc,partial,"quota context, not utilization over time",Missing: no module covers reading cluster utilization trends over a time range for capacity planning. The Nodes dashboard modules are the closest thing but are scoped to a single node.
View cluster resource utilization,"When planning capacity, I want to view resource utilization over time, so I can understand consumption patterns and prevent resource exhaustion.",,partial,modules/nodes-dashboard-using-about.adoc,nodes/nodes-dashboard-using.adoc,partial,"node-level utilization dashboard, a different surface from the cluster Overview",Missing: no module covers reading cluster utilization trends over a time range for capacity planning. The Nodes dashboard modules are the closest thing but are scoped to a single node.
View cluster resource utilization,"When planning capacity, I want to view resource utilization over time, so I can understand consumption patterns and prevent resource exhaustion.",,partial,modules/nodes-dashboard-using-accessing.adoc,nodes/nodes-dashboard-using.adoc,partial,,Missing: no module covers reading cluster utilization trends over a time range for capacity planning. The Nodes dashboard modules are the closest thing but are scoped to a single node.
View cluster resource utilization,"When planning capacity, I want to view resource utilization over time, so I can understand consumption patterns and prevent resource exhaustion.",,partial,modules/nodes-dashboard-using-identify.adoc,nodes/nodes-dashboard-using.adoc,partial,,Missing: no module covers reading cluster utilization trends over a time range for capacity planning. The Nodes dashboard modules are the closest thing but are scoped to a single node.
